Institute_code,Academic_program_name,OPEN_Gender_Neutral_OR,OPEN_Gender_Neutral_CR,OPEN_Female_Only_OR,OPEN_Female_Only_CR,OBC_NCL_Gender_Neutral_OR,OBC_NCL_Gender_Neutral_CR,OBC_NCL_Female_Only_OR,OBC_NCL_Female_Only_CR,SC_Gender_Neutral_OR,SC_Gender_Neutral_CR,SC_Female_Only_OR,SC_Female_Only_CR,ST_Gender_Neutral_OR,ST_Gender_Neutral_CR,ST_Female_Only_OR,ST_Female_Only_CR,Avg_branch_ctc,Seat_capacity
101,"Computer Science and Engineering (4 Years, Bachelor of Technology)",1529,3101,3423,5206,664,1134,1833,2291,308,651,1035,1056,159,268,466,466,30.9,76
101,"Computer Science and Engineering (5 Years, Bachelor and Master of Technology (Dual Degree))",3287,3468,7882,7882,1148,1284,2763,2763,747,747,1054,1075,212,212,601,601,33.7,80
101,"Electronics and Communication Engineering (4 Years, Bachelor of Technology)",3088,5190,7181,8719,1407,2001,2405,2954,726,1220,1419,1480,373,441,1021,1021,28.9,97
101,"Electrical Engineering (4 Years, Bachelor of Technology)",5193,7714,10066,12898,2114,2692,3404,4912,1242,1765,2431,2431,511,599,1022,1022,27.7,93
101,"Electrical Engineering and M.Tech Power Electronics and Drives (5 Years, Bachelor and Master of Technology (Dual Degree))",7414,7902,15560,15560,2891,3014,5790,5790,1977,1977,2450,2450,767,767,1041,1041,34.6,70
101,"Mechanical Engineering (4 Years, Bachelor of Technology)",7844,10826,14914,17907,3064,3847,5563,7075,1971,2294,2245,2280,823,834,1516,1516,29.9,80
101,"Mechanical Engineering and M. Tech. in Mechanical System Design (5 Years, Bachelor and Master of Technology (Dual Degree))",10414,11379,18777,18777,3814,4255,8565,8565,2031,2324,2264,2299,933,1277,1535,1535,27.9,86
101,"Mechanical Engineering with M.Tech. in Manufacturing Engineering (5 Years, Bachelor and Master of Technology (Dual Degree))",11643,12505,18956,18956,4453,4490,8584,8584,2442,2442,3393,3393,1280,1280,1554,1554,31.8,99
101,"Mechanical Engineering and M. Tech. in Thermal Science & Engineering (5 Years, Bachelor and Master of Technology (Dual Degree))",11483,13116,20126,20126,4181,4298,7937,7937,2446,2446,4323,4323,1307,1307,1573,1573,21.1,65
101,"Civil Engineering (4 Years, Bachelor of Technology)",12511,14997,18989,21229,4326,5274,5905,7192,1941,2799,3985,3985,798,858,1349,1349,24.9,84
101,"Civil Engineering and M.Tech in Transportation Engineering (5 Years, Bachelor and Master of Technology (Dual Degree))",14819,15374,21572,21572,5351,5663,8395,8395,2744,2746,4004,4004,1233,1233,1514,1514,28.8,72
101,"Metallurgical and Materials Engineering (4 Years, Bachelor of Technology)",12432,15792,21407,22377,4741,5667,8414,8414,2860,3045,3949,3949,1240,1240,1529,1529,20.5,84
101,"Civil Engineering and M.Tech. in Environmental Engineering (5 Years, Bachelor and Master of Technology (Dual Degree))",15346,16123,22009,22009,5601,5991,8433,8433,2749,2749,3584,3584,1154,1154,1548,1548,33.9,88
101,"Metallurgical and Materials Engineering (5 Years, Bachelor and Master of Technology (Dual Degree))",15676,16257,23463,23463,5807,5808,7176,7176,2910,3153,3603,3603,1398,1398,101,101,20.3,88
101,"Civil Engineering and M. Tech. in Structural Engineering (5 Years, Bachelor and Master of Technology (Dual Degree))",13350,16386,23095,23095,4896,5952,7195,7195,2142,2142,4616,4616,1025,1025,120,120,31.7,83
102,"Computer Science and Engineering (4 Years, Bachelor of Technology)",1,67,56,291,10,58,59,227,2,27,31,113,1,10,40,87,25,72
102,"Electrical Engineering (4 Years, Bachelor of Technology)",142,481,573,1286,83,388,332,930,101,195,554,626,34,90,264,264,25.1,60
102,"Electrical Engineering (5 Years, Bachelor and Master of Technology (Dual Degree))",563,981,2250,3007,406,683,938,1524,196,393,613,957,99,208,323,323,26.2,81
102,"BS in Mathematics (4 Years, Bachelor of Science)",1059,1704,2702,3173,1101,1779,2823,2823,245,570,2249,2249,579,579,342,342,33.6,80
102,"Mechanical Engineering (4 Years, Bachelor of Technology)",493,1736,1792,4173,304,972,1227,2457,221,496,636,1226,86,261,344,513,29.8,85
102,"Engineering Physics (4 Years, Bachelor of Technology)",321,1749,4503,5154,803,1546,2799,3228,529,897,2082,2329,534,784,1178,1178,28.6,72
102,"Economics (4 Years, Bachelor of Science)",1370,2102,2715,5963,717,1330,1343,1343,259,811,1654,1654,437,973,480,480,20.1,96
102,"Aerospace Engineering (4 Years, Bachelor of Technology)",772,2694,3713,4647,544,1588,1692,3689,59,952,1156,1926,227,475,365,365,24.3,98
102,"Chemical Engineering (4 Years, Bachelor of Technology)",1509,2824,3069,5426,542,1449,1961,3421,154,936,664,1655,142,487,402,502,30.9,93
102,"Energy Engineering (4 Years, Bachelor of Technology)",1762,2855,4565,5965,1395,1827,3717,3766,492,1229,1702,1702,732,818,874,874,30.5,75
102,"Civil Engineering (4 Years, Bachelor of Technology)",2290,4371,6178,7857,1078,2034,1854,4500,550,1115,1478,1796,217,335,336,770,26.8,71
102,"Metallurgical Engineering and Materials Science (4 Years, Bachelor of Technology)",2708,4649,5787,7924,1175,2461,4343,4688,837,1414,2229,2796,439,804,752,813,23.4,70
102,"Environmental Science and Engineering (4 Years, Bachelor of Technology)",3806,5401,8179,10623,2167,3152,3939,4103,1195,1472,2287,2287,912,979,1045,1045,33.1,85
102,"Chemistry (4 Years, Bachelor of Science)",5243,9064,14327,14929,2800,4004,6818,6843,1610,2321,2890,2890,1306,1367,1226,1226,30.8,69
103,"Computer Science and Engineering (4 Years, Bachelor of Technology)",1426,2909,4715,6596,725,1308,2127,2603,395,695,1101,1475,215,318,627,627,33.3,84
103,"Data Science and Engineering (4 Years, Bachelor of Technology)",2914,4089,7575,8467,1650,1846,2895,3552,736,1246,2084,2084,462,709,1293,1293,25,90
103,"B.Tech in Mathematics and Computing (4 Years, Bachelor of Technology)",3539,4265,8841,9114,1596,1956,3606,3791,1244,1305,2397,2397,545,735,1312,1312,30.1,97
103,"B.Tech in Microelectronics & VLSI (4 Years, Bachelor of Technology)",4294,7077,11401,11768,2280,3101,4643,4800,1484,1882,3027,3027,1143,1205,1331,1331,29.1,94
103,"Electrical Engineering (4 Years, Bachelor of Technology)",4863,7240,9915,12435,2469,2966,3845,5588,1255,1742,2477,2944,200,730,1297,1297,21,92
103,"Mechanical Engineering (4 Years, Bachelor of Technology)",7865,10590,15428,17462,3115,4207,7462,7860,1923,2192,2695,3710,987,1028,67,67,31.5,77
103,"Engineering Physics (4 Years, Bachelor of Technology)",8059,11408,18026,18976,4239,5287,8863,8863,2526,2728,3547,3547,1260,1402,86,86,32.4,86
103,"B.Tech in General Engineering (4 Years, Bachelor of Technology)",9584,12260,18725,18857,4263,5433,8882,8882,2808,3080,3410,3410,1159,1308,105,105,22.2,83
103,"Civil Engineering (4 Years, Bachelor of Technology)",10645,13850,19552,21897,4265,4981,8452,8552,2376,2645,4031,4031,783,930,1447,1447,20,98
103,"B.Tech in Materials Science and Engineering (4 Years, Bachelor of Technology)",12588,15784,21599,22150,5468,5906,8471,8571,2791,3056,4657,4657,1352,1535,1466,1466,27.4,64
103,"Bio Engineering (4 Years, Bachelor of Technology)",12350,16085,18296,21027,5748,6181,8490,8590,3052,3308,4152,4152,1443,1552,1485,1485,21.5,65
103,"BS in Chemical Sciences (4 Years, Bachelor of Science)",12658,17287,23604,24901,6201,6372,8509,8609,3382,3433,4651,4651,1446,1541,1504,1504,30.4,74
104,"Computer Science and Engineering (4 Years, Bachelor of Technology)",16,118,91,419,60,105,252,318,10,49,124,129,18,24,89,116,29.4,64
104,"Computer Science and Engineering (5 Years, Bachelor and Master of Technology (Dual Degree))",120,185,621,724,114,166,401,558,75,105,338,338,25,54,210,210,31.3,99
104,"Mathematics and Computing (4 Years, Bachelor of Technology)",135,352,432,815,150,248,446,862,51,152,518,701,47,80,223,223,26.9,79
104,"Mathematics and Computing (5 Years, Bachelor and Master of Technology (Dual Degree))",357,429,1002,1198,251,325,885,1003,163,206,377,377,102,109,242,242,31.7,89
104,"Electrical Engineering (4 Years, Bachelor of Technology)",354,582,879,1693,207,456,487,1105,82,220,480,662,19,74,187,218,31.3,68
104,"Electrical Engineering (Power and Automation) (4 Years, Bachelor of Technology)",589,828,1894,2213,484,578,1177,1604,250,399,784,813,143,172,356,356,34.6,99
104,"Engineering and Computational Mechanics (4 Years, Bachelor of Technology)",842,1255,2477,2752,632,812,1613,1913,453,640,841,841,226,280,473,473,22.7,60
104,"Mechanical Engineering (4 Years, Bachelor of Technology)",947,1791,2814,4077,655,1034,2572,2992,47,558,884,1416,177,295,678,678,26.7,74
104,"Chemical Engineering (4 Years, Bachelor of Technology)",1849,2365,3730,5442,1056,1446,2998,3274,569,848,1158,1274,384,494,649,649,32.5,95
104,"Engineering Physics (4 Years, Bachelor of Technology)",172,2783,4816,6549,1108,2065,3716,5238,723,1240,2416,2539,883,938,1292,1292,28.6,99
104,"Energy Engineering (4 Years, Bachelor of Technology)",2072,2910,5324,6008,1086,2073,4019,5452,977,1365,2641,2641,580,720,1578,1578,26,79
104,"Production and Industrial Engineering (4 Years, Bachelor of Technology)",2082,3273,5534,7229,1060,2445,4561,5511,951,1460,2077,2769,666,967,1201,1201,31.9,90
104,"Materials Engineering (4 Years, Bachelor of Technology)",3146,4055,8080,10030,2043,2639,5609,5697,1418,1502,1809,1809,810,841,1387,1387,27.4,67
104,"Chemical Engineering (5 Years, Bachelor and Master of Technology (Dual Degree))",2730,4362,6618,7402,1470,1986,4193,4299,700,1058,2061,2352,438,705,808,808,28.1,72
104,"Civil Engineering (4 Years, Bachelor of Technology)",2867,4472,7614,9291,911,2104,2205,4714,459,847,1314,1523,60,214,179,868,31.1,94
104,"Biotechnology and Biochemical Engineering (4 Years, Bachelor of Technology)",3596,5687,7230,10435,1155,2981,3857,5723,1111,1624,1927,2689,725,851,1442,1442,21.9,74
104,"Textile Technology (4 Years, Bachelor of Technology)",4529,6690,10404,11907,2813,3461,5742,6398,1625,2060,2845,3168,840,1086,1609,1609,21.9,83
105,"Computer Science and Engineering (4 Years, Bachelor of Technology)",914,1385,1970,2768,296,448,962,1187,198,339,423,548,103,134,175,175,31.5,74
105,"Mathematics and Computing (4 Years, Bachelor of Technology)",1809,2209,3535,3871,776,1319,1202,1623,584,908,1660,1660,358,394,664,664,26.6,78
105,"Electrical Engineering (4 Years, Bachelor of Technology)",2217,3632,5754,7527,1344,1820,2304,3615,470,1167,1762,2285,417,516,1064,1064,23.1,92
105,"Mechanical Engineering (4 Years, Bachelor of Technology)",4980,7474,9203,14668,2547,3217,5182,5517,1299,1732,2560,3157,558,728,1204,1204,33.3,87
105,"Space Sciences and Engineering (4 Years, Bachelor of Technology)",6048,7821,13280,14142,2489,3492,6192,6192,1752,1775,2262,2262,1008,1008,1223,1223,25.1,95
105,"Engineering Physics (4 Years, Bachelor of Technology)",5834,8205,11731,13594,3389,4196,8034,8034,1956,2233,4013,4013,1241,1241,1242,1242,32.6,86
105,"Chemical Engineering (4 Years, Bachelor of Technology)",7553,9658,14877,15073,3233,4245,5832,5941,1958,2151,2828,2828,888,965,1490,1490,33.9,98
105,"Civil Engineering (4 Years, Bachelor of Technology)",9489,10994,14994,17993,2848,4204,6605,7000,1802,2146,2857,2964,669,684,1362,1362,32,79
105,"Metallurgical Engineering and Materials Science (4 Years, Bachelor of Technology)",10567,12217,16360,18102,4155,4684,6951,7959,2306,2708,4128,4203,1121,1248,289,289,24.8,74
106,"Computer Science and Engineering (4 Years, Bachelor of Technology)",164,279,523,702,111,160,335,384,55,92,29,170,16,32,132,132,27.5,60
106,"Computer Science and Engineering (5 Years, Bachelor and Master of Technology (Dual Degree))",281,632,1203,1346,200,345,755,897,123,175,451,474,45,75,468,468,22,68
106,"Electronics and Electrical Communication Engineering (4 Years, Bachelor of Technology)",562,1205,2186,2749,337,548,982,1141,103,326,676,676,85,135,182,182,26.8,96
106,"Mathematics and Computing (4 Years, Bachelor of Science)",915,1416,2195,3723,361,746,1565,1803,378,502,1239,1464,148,404,403,403,28.2,60
106,"Electronics and Electrical Communication Engineering with M.Tech. in any of the listed specializations (5 Years, Bachelor and Master of Technology (Dual Degree))",1321,1639,3412,5137,781,1087,1180,1591,297,536,945,1573,246,303,583,583,33.2,80
106,"Electrical Engineering (4 Years, Bachelor of Technology)",1379,1833,3438,4865,637,895,1143,1699,350,501,725,915,178,241,362,362,30.9,89
106,"Electrical Engineering with M.Tech. in any of the listed specializations (5 Years, Bachelor and Master of Technology (Dual Degree))",1863,2240,2329,5308,1091,1163,2117,2117,557,717,1421,1421,376,377,381,381,25.2,69
106,"Instrumentation Engineering (4 Years, Bachelor of Technology)",2050,2335,5594,6095,1013,1354,2270,2336,691,938,1761,1761,498,535,1235,1235,34.3,98
106,"Mechanical Engineering (4 Years, Bachelor of Technology)",2657,3294,6476,7331,1145,1659,2847,4166,336,955,1224,1764,419,497,715,715,29,80
106,"Industrial and Systems Engineering (4 Years, Bachelor of Technology)",2837,3918,7741,9158,1637,1959,2340,4202,755,1503,2564,2564,533,739,1222,1222,22.7,88
106,"Aerospace Engineering (4 Years, Bachelor of Technology)",3397,4773,8496,9120,1853,2297,3832,4257,958,1388,2126,2126,506,748,604,604,25.2,80
106,"Mechanical Engineering with M.Tech. in any of the listed specializations (5 Years, Bachelor and Master of Technology (Dual Degree))",3448,4827,9590,11920,1899,2599,4411,6075,1061,1395,2054,2433,504,642,623,623,31.4,96
106,"Chemical Engineering (4 Years, Bachelor of Technology)",2967,4944,6790,9623,1905,2401,4280,4577,1022,1481,595,2053,431,722,646,646,27.7,91
106,"Aerospace Engineering (5 Years, Bachelor and Master of Technology (Dual Degree))",4542,5184,11076,12507,2568,2759,5430,5430,1399,1622,2414,2414,436,436,665,665,32.8,95
106,"Industrial and Systems Engineering with M.Tech. in Industrial and Systems Engineering and Management (5 Years, Bachelor and Master of Technology (Dual Degree))",4125,5435,9580,13375,2093,2389,3820,3820,1826,2028,3047,3047,914,982,684,684,25.4,89
106,"Economics (4 Years, Bachelor of Science)",4167,5847,11081,12599,1838,3076,4769,5561,1369,1959,3660,3660,1007,1089,1460,1460,31.5,91
106,"Manufacturing Science and Engineering (4 Years, Bachelor of Technology)",4784,6317,11898,12938,2653,3195,6130,6221,1577,1894,2920,2920,826,1052,1435,1435,23.1,66
106,"Chemical Engineering (5 Years, Bachelor and Master of Technology (Dual Degree))",5328,6477,10696,11555,2675,3096,4867,5701,1408,1680,1999,1999,746,766,1454,1454,26.9,67
106,"Civil Engineering (4 Years, Bachelor of Technology)",5234,7177,11247,13732,1991,3007,5124,5507,824,1526,941,2295,445,527,686,686,23.3,94
106,"Metallurgical and Materials Engineering (4 Years, Bachelor of Technology)",6024,7325,9998,12850,2674,3412,5926,6461,1286,1967,2786,2850,869,1009,1256,1256,25.9,85
106,"Manufacturing Science and Engineering with M.Tech. in Industrial and Systems Engineering and Management (5 Years, Bachelor and Master of Technology (Dual Degree))",5552,8168,13443,15454,3302,3617,6696,6696,2048,2131,3929,3929,1111,1111,1275,1275,22.1,76
106,"Biotechnology and Biochemical Engineering (4 Years, Bachelor of Technology)",6223,8389,12174,13369,3241,3753,3530,3530,1818,2325,3215,3215,1068,1107,1294,1294,31,73
106,"Civil Engineering with any of the listed specialization (5 Years, Bachelor and Master of Technology (Dual Degree))",7250,8769,14856,15831,3021,3275,7244,7526,1552,1859,3330,3330,591,645,1313,1313,28.8,60
106,"Metallurgical and Materials Engineering (5 Years, Bachelor and Master of Technology (Dual Degree))",7752,9115,14312,15393,3533,3773,5855,7147,2196,2520,3349,3349,1071,1098,1332,1332,32.6,93
106,"Ocean Engineering and Naval Architecture (4 Years, Bachelor of Technology)",8035,9668,14369,16066,3318,4002,6992,7470,1895,2240,3713,3713,1158,1252,1584,1584,31.5,73
106,"Mining Engineering (4 Years, Bachelor of Technology)",7326,9827,16389,17675,2769,3926,6826,7326,1685,2279,3017,3331,794,1115,1524,1524,34.8,61
106,"Biotechnology and Biochemical Engineering (5 Years, Bachelor and Master of Technology (Dual Degree))",2418,9958,13489,15198,3876,4421,7660,7660,1931,2649,3340,3340,1219,1239,1505,1505,33.7,68
106,"Physics (4 Years, Bachelor of Science)",6583,10216,14100,17307,3849,5022,8524,8536,2025,2975,2752,2752,1355,1485,79,79,33.8,85
106,"Agricultural and Food Engineering (4 Years, Bachelor of Technology)",1348,10280,16050,16450,3898,4140,6642,6804,2011,2509,2903,2903,931,1237,1644,1644,33.1,65
106,"Ocean Engineering and Naval Architecture (5 Years, Bachelor and Master of Technology (Dual Degree))",8552,10681,16613,17722,4031,4626,7257,7672,1995,2699,3649,3649,1310,1334,1663,1663,31.9,89
106,"Mining Engineering (5 Years, Bachelor and Master of Technology (Dual Degree))",9777,11458,17667,19098,4241,4650,8249,8249,2603,2704,3858,3858,860,1394,1682,1682,33.3,66
106,"Agricultural and Food Engineering with M.Tech. in any of the listed specializations (5 Years, Bachelor and Master of Technology (Dual Degree))",10341,11757,16210,18756,4502,5033,8241,8294,2529,2839,3413,3413,1162,1333,265,265,25.3,72
106,"Exploration Geophysics (4 Years, Bachelor of Science)",9378,12385,19398,19695,4199,5394,8756,8756,2680,3258,4236,4236,1431,1458,569,569,25.5,62
106,"Mining Safety Engineering (5 Years, Bachelor and Master of Technology (Dual Degree))",11622,12780,19151,20146,4679,5189,8269,8269,2715,2842,4003,4003,1298,1298,588,588,21.1,97
106,"Chemistry (4 Years, Bachelor of Science)",9884,13511,16588,18465,3709,5575,7562,7562,2670,3165,3931,3931,1305,1421,423,423,32.3,74
106,"Applied Geology (4 Years, Bachelor of Science)",10331,14206,18510,20588,4834,5648,7264,7264,2801,3225,3966,3966,1365,1486,540,540,30.2,99
106,"Architecture (5 Years, Bachelor of Architecture)",13944,23337,17836,24626,6706,8789,7283,7283,2673,3671,4121,4121,1545,188,763,763,30.1,95
107,"Computer Science and Engineering (4 Years, Bachelor of Technology)",374,674,636,1300,162,256,598,650,110,149,295,321,7,57,117,117,30.2,84
107,"Artificial Intelligence (4 Years, Bachelor of Technology)",568,926,1625,1845,169,367,721,798,172,216,579,579,77,91,136,136,24.6,84
107,"Mathematics and Computing (4 Years, Bachelor of Technology)",869,1098,1914,1914,395,493,871,871,264,311,542,542,138,138,155,155,28.1,68
107,"Computational Engineering (4 Years, Bachelor of Technology)",1304,1884,4843,4866,822,969,1320,1320,522,732,1280,1280,425,426,1016,1016,24.5,79
107,"Electrical Engineering (4 Years, Bachelor of Technology)",1056,2196,2972,3787,593,1079,1426,1683,656,752,753,1079,130,203,605,605,31.9,61
107,"Electrical Engineering (IC Design and Technology) (4 Years, Bachelor of Technology)",1716,2310,3629,4527,526,1119,1562,1562,435,750,1054,1054,106,274,624,624,32.5,74
107,"Engineering Science (4 Years, Bachelor of Technology)",1956,4079,5513,6124,1165,1984,2077,3375,851,1509,1940,1940,484,833,1381,1381,28.2,80
107,"Mechanical Engineering (4 Years, Bachelor of Technology)",2403,4976,7694,9449,1234,2354,2918,4176,1055,1394,1948,2036,311,540,1400,1400,21.3,86
107,"Engineering Physics (4 Years, Bachelor of Technology)",3244,5537,7769,8321,2344,2923,4755,5480,1142,1860,2939,2939,1099,1132,1419,1419,23.1,75
107,"Chemical Engineering (4 Years, Bachelor of Technology)",4705,7123,6743,11677,2450,2976,3978,3981,1575,1675,2312,2312,562,708,910,910,22.3,71
107,"Civil Engineering (4 Years, Bachelor of Technology)",6611,9303,10668,14111,3137,3484,4563,4907,1380,1914,2419,2448,428,612,1018,1018,24.5,65
107,"Materials Science and Metallurgical Engineering (4 Years, Bachelor of Technology)",8067,9785,13873,15007,3335,3850,5412,6179,1832,2246,2494,2494,1005,1035,1037,1037,24.4,93
107,"Biotechnology and Bioinformatics (4 Years, Bachelor of Technology)",7054,10482,11762,15098,3707,4223,6361,6361,2384,2611,2886,2886,1141,1284,1056,1056,23.8,85
107,"Biomedical Engineering (4 Years, Bachelor of Technology)",7318,11025,7807,15025,2745,3944,6170,6968,1831,2466,2950,2950,1301,1323,1075,1075,25.1,82
107,"Industrial Chemistry (4 Years, Bachelor of Technology)",9603,11271,16061,16065,3307,4391,6559,6559,2194,2365,3213,3213,1193,1223,1044,1044,25.4,80
108,"Computer Science and Engineering (4 Years, Bachelor of Technology)",1616,2408,4333,6040,816,1363,2165,2613,469,697,1130,1442,256,367,863,863,28.6,95
108,"Artificial Intelligence and Data Science (4 Years, Bachelor of Technology)",2271,3350,3219,8090,1171,1726,2940,3145,758,924,1635,1907,360,449,886,886,32.6,74
108,"Electrical Engineering (4 Years, Bachelor of Technology)",3958,6898,8870,10959,2410,2959,3765,5034,1398,1876,2557,2632,213,724,1126,1126,31.6,98
108,"Mechanical Engineering (4 Years, Bachelor of Technology)",7837,10318,16237,18438,3260,4147,7182,7971,2104,2407,2804,3940,937,1014,1517,1517,23.4,79
108,"Chemical Engineering (4 Years, Bachelor of Technology)",8951,12820,16132,18279,4401,4921,8516,8620,2300,2712,3469,3526,1054,1177,73,73,25.1,94
108,"Civil and Infrastructure Engineering (4 Years, Bachelor of Technology)",10662,14476,18302,21482,4321,5203,5988,8046,2507,2676,3661,3798,845,1041,1375,1375,34.7,96
108,"Materials Engineering (4 Years, Bachelor of Technology)",13293,15643,19124,21954,5188,6064,8979,8979,2825,3305,4098,4515,1303,1413,359,359,24.7,93
108,"Physics with Specialization (4 Years, Bachelor of Science)",10480,15801,20616,23167,5629,6160,8613,8613,3195,3329,4773,4773,1415,1566,378,378,25.3,91
108,"Bio Engineering (4 Years, Bachelor of Technology)",12671,16453,21198,21738,5163,6165,8293,8681,2571,3278,4256,4256,1330,1358,558,558,23.4,60
108,"Chemistry with Specialization (4 Years, Bachelor of Science)",16174,17525,22146,24238,5687,6220,8312,8700,3315,3432,4600,4600,1276,1531,577,577,30.5,75
109,"Computer Science and Engineering (4 Years, Bachelor of Technology)",124,238,437,610,72,146,365,502,50,77,203,258,26,41,152,154,33,76
109,"Mathematics and Scientific Computing (4 Years, Bachelor of Science)",619,1060,2225,3686,399,684,1274,1929,251,609,1108,1128,192,340,343,343,26.8,80
109,"Statistics and Data Science (4 Years, Bachelor of Science)",736,1090,3262,3907,640,799,1077,1761,433,455,993,993,239,330,362,362,27,92
109,"Electrical Engineering (4 Years, Bachelor of Technology)",539,1349,1984,3564,473,788,1217,1859,257,581,748,1298,94,202,495,567,28.6,81
109,"Mechanical Engineering (4 Years, Bachelor of Technology)",1771,2940,6085,7223,1080,1479,2830,4115,702,970,457,2020,366,461,742,777,25.5,65
109,"Economics (4 Years, Bachelor of Science)",2084,3653,6609,7141,1146,1571,3891,4192,1009,1351,2809,3188,112,900,920,920,20.1,69
109,"Aerospace Engineering (4 Years, Bachelor of Technology)",2316,4027,6174,8939,1733,2158,4327,5111,776,1347,2055,2304,405,698,1302,1302,21.5,88
109,"Chemical Engineering (4 Years, Bachelor of Technology)",2990,4344,6265,8264,1879,2208,3087,4227,871,1139,1735,2145,512,706,1179,1242,23.3,60
109,"Civil Engineering (4 Years, Bachelor of Technology)",4607,6116,9423,12839,2162,2862,4742,5668,917,1590,1674,2116,347,503,1059,1091,33,60
109,"Physics (4 Years, Bachelor of Science)",2789,6153,7442,14020,3230,3875,6340,7013,1890,2380,3270,3270,1337,1509,339,339,34.7,97
109,"Materials Science and Engineering (4 Years, Bachelor of Technology)",4719,6939,10976,11713,2594,3292,4646,5781,1359,2059,3167,3497,969,1124,1376,1376,28.2,84
109,"Biological Sciences and Bioengineering (4 Years, Bachelor of Technology)",7001,8031,10817,12176,3341,3608,5676,6466,1591,2138,3442,3473,1080,1269,308,308,25.2,64
109,"Earth Sciences (4 Years, Bachelor of Science)",7875,11426,14259,19120,3969,4846,7518,7619,2713,3111,4209,4209,1422,1520,414,414,34.6,74
109,"Chemistry (4 Years, Bachelor of Science)",9972,11824,15081,18584,4072,5256,7650,7914,2525,2893,3923,4068,1494,1543,401,401,30.2,93
110,"Computer Science and Engineering (4 Years, Bachelor of Technology)",42,148,319,479,38,101,232,293,16,54,72,128,11,15,28,28,22.9,99
110,"Electrical Engineering (4 Years, Bachelor of Technology)",150,964,831,2158,165,492,694,1047,20,316,367,720,63,146,222,302,23.7,85
110,"Engineering Physics (4 Years, Bachelor of Technology)",1008,1877,2804,4716,1120,1385,1429,2088,511,1175,1470,1470,679,847,1094,1094,25.9,72
110,"Mechanical Engineering (4 Years, Bachelor of Technology)",885,2572,2807,5739,444,1251,1195,2718,306,976,759,1628,184,430,785,803,30.9,92
110,"Physics (5 Years, Bachelor of Science and Master of Science (Dual Degree))",906,3171,8912,8912,2501,2836,6911,6911,2736,2736,4343,4343,1157,1157,804,822,31,88
110,"Aerospace Engineering (4 Years, Bachelor of Technology)",422,3237,4062,5990,1131,1615,3594,3695,821,1309,2189,2316,317,571,548,548,29.9,78
110,"Aerospace Engineering (5 Years, Bachelor and Master of Technology (Dual Degree))",3172,3293,6279,6279,1298,1685,3019,3019,207,207,2208,2335,703,703,567,567,31.4,78
110,"Engineering Design (5 Years, Bachelor and Master of Technology (Dual Degree))",2004,4436,5588,9527,1193,1883,3426,4504,1288,1846,1797,2540,632,989,1139,1139,25.1,66
110,"Chemical Engineering (4 Years, Bachelor of Technology)",3080,4439,3302,6597,1346,1943,2742,3535,997,1346,1140,1726,465,582,619,919,35,88
110,"Civil Engineering (4 Years, Bachelor of Technology)",4147,6132,7746,9661,1486,2587,3315,4547,332,1491,1571,1976,81,488,621,800,33.2,67
110,"Metallurgical and Materials Engineering (4 Years, Bachelor of Technology)",4648,6169,8696,10097,1994,2652,4151,5094,1052,1728,2122,2854,594,812,760,760,28.1,63
110,"Biological Engineering (4 Years, Bachelor of Technology)",1278,7967,4133,8588,2312,3486,5382,5686,2089,2327,2855,2855,873,1078,1187,1187,20.7,97
110,"Naval Architecture and Ocean Engineering (4 Years, Bachelor of Technology)",5175,7996,10904,13898,1777,3240,5043,5845,1611,2370,2293,3020,819,992,968,968,29.8,78
110,"Biological Science (4 Years, Bachelor of Science)",7075,11185,12769,15528,3662,5074,6952,7441,2455,3127,3014,3014,1214,1335,1282,1282,24.8,61
111,"Computer Science and Engineering (4 Years, Bachelor of Technology)",1123,1555,2015,2465,445,571,1323,1457,275,412,790,790,157,219,348,348,31.5,63
111,"Computer Science and Engineering (5 Years, Bachelor and Master of Technology (Dual Degree))",1620,2110,3197,3197,687,779,2274,2274,452,512,809,809,252,252,1003,1003,22.2,65
111,"Artificial Intelligence (4 Years, Bachelor of Technology)",1613,2373,2788,2979,585,1107,1941,1993,465,757,1004,1004,308,310,1022,1022,22.1,70
111,"Electrical Engineering (4 Years, Bachelor of Technology)",2544,3962,5656,6776,1631,2143,3934,4229,939,1461,2286,2286,557,584,1147,1147,34.8,88
111,"Electrical Engineering (5 Years, Bachelor and Master of Technology (Dual Degree))",4011,4803,8804,8804,2233,2271,4695,4695,1430,1703,2305,2305,681,681,1523,1523,25.4,86
111,"Mechanical Engineering (4 Years, Bachelor of Technology)",4860,7278,9859,14110,2557,3419,6069,6544,1714,2069,2669,2669,771,848,1391,1391,27.3,64
111,"Mechanical Engineering (5 Years, Bachelor and Master of Technology (Dual Degree))",7283,8341,15477,16196,3427,3879,7524,7524,2257,2307,3073,3073,1070,1070,1410,1410,34.4,62
111,"Chemical Engineering (4 Years, Bachelor of Technology)",7786,9651,1780,14158,3045,4270,6376,7020,2184,2255,3272,3272,1017,1156,1568,1568,20.5,78
111,"Civil Engineering (4 Years, Bachelor of Technology)",7799,11422,17460,17741,3619,4288,6497,6582,2021,2432,3446,3446,661,694,960,960,21.9,85
111,"Materials Engineering (4 Years, Bachelor of Technology)",10009,12299,15140,17668,4603,4974,7704,7704,2601,3012,3451,3451,1262,1354,370,370,27.4,96
112,"Computer Science and Engineering (4 Years, Bachelor of Technology)",1627,2811,3333,5877,553,1172,1367,2391,270,638,1207,1396,171,337,654,654,25,66
112,"Artificial Intelligence and Data Science (4 Years, Bachelor of Technology)",1417,3577,8026,8245,1285,1626,2099,3153,798,1074,1520,1520,492,554,1039,1039,32.4,65
112,"B. Tech. (CSE) and M.Tech in CSE (5 Years, B.Tech. + M.Tech./MS (Dual Degree))",2890,3643,7549,7549,1223,1341,2118,3172,689,689,1629,1629,407,407,1058,1058,30.6,86
112,"Mathematics and Computing (4 Years, Bachelor of Technology)",3924,4749,6653,9085,1704,2163,3381,4077,988,1349,1932,1932,476,631,1347,1347,27.1,81
112,"B. Tech. (Mathematics & Computing) M. Tech. in (Mathematics & Computing) (5 Years, B.Tech. + M.Tech./MS (Dual Degree))",5095,5290,10103,10103,2166,2420,5409,5409,1432,1432,1951,1951,670,670,1366,1366,25.3,64
112,"Electronics and Communication Engineering (4 Years, Bachelor of Technology)",4176,5701,10857,11653,2021,2277,4119,4651,1014,1400,2202,2202,460,531,922,922,30.4,72
112,"B. Tech. (ECE) -M. Tech. in VLSI (5 Years, B.Tech. + M.Tech./MS (Dual Degree))",5829,6601,14128,14128,2286,2573,6104,6104,1910,1910,2221,2221,674,674,941,941,28,65
112,"B.Tech. in Electronics and Communication Engineering and M.Tech. in Communication Systems (5 Years, Bachelor and Master of Technology (Dual Degree))",6139,6695,11739,11739,2439,2527,6123,6123,1900,1900,2463,2463,677,677,960,960,22.5,71
112,"Electrical and Electronics Engineering (4 Years, Bachelor of Technology)",4228,7359,12650,14268,1996,2608,4923,5138,1410,1676,2085,2085,680,791,1371,1371,26.9,99
112,"B. Tech. (EEE)-M. Tech. in (Power &. Control) (5 Years, B.Tech. + M.Tech./MS (Dual Degree))",6988,8290,14323,14323,3171,3225,6284,6284,1938,1980,2104,2104,699,810,1390,1390,31.6,70
112,"B. Tech. (ME) - M. Tech. in Mechatronics (5 Years, B.Tech. + M.Tech./MS (Dual Degree))",8473,10914,18073,18073,3398,4254,9009,9009,2470,2470,2123,2123,1288,1288,1409,1409,25,76
112,"B. Tech. (ME) - MBA (NITIE) (5 Years, Bachelor of Technology and MBA (Dual Degree))",9298,11335,16701,17366,3573,4433,8881,8881,2219,2667,2142,2142,1525,1525,1428,1428,29.9,69
112,"Mechanical Engineering (4 Years, Bachelor of Technology)",8634,11453,17860,19193,3000,4269,7207,8324,2159,2492,2566,3913,963,1061,282,282,33.7,83
112,"Engineering Physics (4 Years, Bachelor of Technology)",9976,12977,18740,19769,4873,5534,8292,8292,2568,3247,4284,4284,942,1253,472,472,23,88
112,"Chemical Engineering (4 Years, Bachelor of Technology)",11620,13933,17479,20210,4407,5271,7579,8723,2496,2733,3332,3769,1150,1225,1554,1554,26.9,75
112,"Chemical Science and Technology (4 Years, Bachelor of Technology)",13285,15032,18871,23155,4918,5568,8557,9038,2745,3070,3894,3894,990,1336,351,351,26.2,73
112,"B. Tech in CE. - M. Tech. in Structural Engineering (5 Years, B.Tech. + M.Tech./MS (Dual Degree))",12537,15120,21794,21794,5763,5953,8576,9057,2878,2960,3913,3913,1009,1355,370,370,22.1,61
112,"Civil Engineering (4 Years, Bachelor of Technology)",12148,15295,19574,22884,4278,5526,7963,8807,2251,2835,3889,4230,822,1106,1532,1532,34.7,70
112,"B. Tech in CE. - M. Tech. in Geotechnical Engineering (5 Years, B.Tech. + M.Tech./MS (Dual Degree))",13801,15521,24011,24011,5258,5363,7982,8826,2968,2968,3908,4249,1243,1243,1551,1551,20.8,81
112,"Metallurgical and Materials Engineering (4 Years, Bachelor of Technology)",14292,16253,22786,23287,5344,6079,8001,8845,3082,3320,4531,4531,1345,1357,543,543,29.2,74
113,"Computer Science and Engineering (4 Years, Bachelor of Technology)",284,412,774,1165,97,196,560,666,52,109,237,357,42,61,174,204,29.5,95
113,"Data Science and Artificial Intelligence (4 Years, Bachelor of Technology)",542,715,1324,1866,199,372,996,1017,178,240,398,398,97,97,254,254,23.9,83
113,"Electronics and Communication Engineering (4 Years, Bachelor of Technology)",797,1429,2468,3004,428,656,1215,1456,218,448,562,740,145,163,383,421,28.5,61
113,"Mathematics & Computing (5 Years, Bachelor of Science and Master of Science (Dual Degree))",1109,1523,3164,4340,667,919,2103,2190,538,744,1306,1306,158,316,891,891,24.9,96
113,"Electrical Engineering (4 Years, Bachelor of Technology)",1047,2037,3928,5040,552,1049,1792,2091,467,668,1049,1670,186,289,633,663,28,63
113,"Mechanical Engineering (4 Years, Bachelor of Technology)",2206,3854,7153,9102,1507,1942,3964,4608,685,1032,1852,2360,381,543,895,950,24.2,88
113,"Engineering Physics (4 Years, Bachelor of Technology)",3029,4535,7056,11320,1964,2359,5314,5995,1325,1740,2437,3319,1020,1063,914,969,25.7,80
113,"Chemical Engineering (4 Years, Bachelor of Technology)",4076,5015,6866,9914,2018,2465,3729,4966,1154,1424,2056,2408,596,758,949,1340,33.3,91
113,"Economics (5 Years, Bachelor of Science and Master of Science (Dual Degree))",4275,5652,8118,12832,1680,3326,6252,6733,1633,2076,3756,3756,913,954,968,1359,22.4,68
113,"Production and Industrial Engineering (4 Years, Bachelor of Technology)",4617,5889,9642,12236,2578,3097,6033,6367,1630,1929,3370,3418,980,1085,1467,1467,24.8,86
113,"Civil Engineering (4 Years, Bachelor of Technology)",4590,7100,9954,12904,2156,3026,4885,5793,854,1626,1912,2919,237,422,1043,1136,21.5,93
113,"Metallurgical and Materials Engineering (4 Years, Bachelor of Technology)",7043,7945,12950,14832,2809,3508,5919,6681,1665,2075,3355,3841,947,1103,1400,1400,31.7,78
113,"Biosciences and Bioengineering (4 Years, Bachelor of Technology)",7422,8689,12969,14672,3334,3899,6781,7030,2103,2227,3767,3767,1130,1265,50,50,25.4,77
113,"Physics (5 Years, Bachelor of Science and Master of Science (Dual Degree))",5480,9574,17104,17714,4378,5307,7899,7906,2109,2870,2578,2578,1220,1220,69,69,24.3,99
113,"Geophysical Technology (5 Years, Integrated Master of Technology)",7641,9824,15132,17600,3643,4237,7331,7356,2130,2573,3108,3108,1176,1448,174,174,27,90
113,"Geological Technology (5 Years, Integrated Master of Technology)",7535,10563,15115,16434,4235,4862,7849,8169,2203,2621,3941,3941,1395,1437,245,245,24.6,85
113,"Chemical Sciences (5 Years, Bachelor of Science and Master of Science (Dual Degree))",10149,12928,16852,19020,4520,5331,8298,8298,2430,2888,4439,4439,843,1110,264,264,21,97
113,"Architecture (5 Years, Bachelor of Architecture)",14575,20728,19846,21477,5573,7288,7302,7302,2110,3182,3126,3126,1182,156,283,283,24.6,94
114,"Computer Science and Engineering (4 Years, Bachelor of Technology)",1853,3258,3429,6454,653,1190,1687,2373,345,712,533,935,122,243,446,525,24.7,87
114,"Mathematics and Computing (5 Years, Integrated Master of Technology)",3401,4710,9444,10150,1611,2198,3363,3682,907,1185,2373,2373,481,532,948,948,27,61
114,"Electronics and Communication Engineering (4 Years, Bachelor of Technology)",3153,5821,8444,10410,1541,2215,2682,3561,906,1322,1801,2226,354,433,820,885,26.4,87
114,"Electrical Engineering (4 Years, Bachelor of Technology)",5259,7784,11126,12614,2382,2938,3714,4992,1250,1589,2393,2555,561,638,1190,1249,28,94
114,"Mechanical Engineering (4 Years, Bachelor of Technology)",7791,10262,15650,17760,2762,4036,6584,7277,1645,2179,3078,3643,836,915,1528,1553,30.7,85
114,"Engineering Physics (4 Years, Bachelor of Technology)",8667,11797,18120,19088,4634,5120,8299,9041,2371,2530,4010,4010,1289,1374,1547,1572,33.3,99
114,"Chemical Engineering (4 Years, Bachelor of Technology)",9811,12473,14707,15442,3635,4718,6700,7631,2238,2460,2618,2618,802,1119,1519,1519,28.1,71
114,"Petroleum Engineering (4 Years, Bachelor of Technology)",8478,13101,16974,20492,3270,4530,7203,7583,2063,2628,3380,4701,896,1006,397,397,24.2,89
114,"Civil Engineering (4 Years, Bachelor of Technology)",10574,14058,17183,19624,4144,4820,7339,7646,1669,2353,3175,3849,665,815,1417,1417,32.2,64
114,"Mineral and Metallurgical Engineering (4 Years, Bachelor of Technology)",13697,15373,19618,20968,5428,5954,8067,8393,2668,3084,4015,4015,1360,1380,235,235,32,87
114,"Mining Engineering (4 Years, Bachelor of Technology)",8548,15689,21175,23730,4588,5797,7927,9029,2342,3072,4101,4670,759,1231,337,481,34.9,96
114,"Environmental Engineering (4 Years, Bachelor of Technology)",12849,15903,18359,22003,4949,6116,8886,9045,3128,3322,3468,3468,1229,1501,319,319,24.5,97
114,"Mining Machinery Engineering (4 Years, Bachelor of Technology)",13568,16151,23882,24166,4997,6108,8695,8695,3133,3260,4671,4717,1175,1351,609,609,30.3,96
114,"Applied Geophysics (5 Years, Integrated Master of Technology)",15162,16754,22094,22094,6183,6405,8714,8714,3337,3374,4589,4589,1592,1592,628,628,33.6,90
114,"Applied Geology (5 Years, Integrated Master of Technology)",16108,17181,22738,22738,5523,6395,8733,8733,3415,3424,4741,4741,1449,1449,647,647,28.9,67
115,"Computer Science and Engineering (4 Years, Bachelor of Technology)",1350,1859,2416,4212,596,901,1089,2182,305,590,912,1084,224,328,857,857,29.5,99
115,"Artificial Intelligence and Data Engineering (4 Years, Bachelor of Technology)",2141,2496,4623,6031,1250,1500,3154,3154,591,765,1750,1750,536,592,876,876,20.9,61
115,"Mathematics and Computing (4 Years, Bachelor of Technology)",1885,3082,6118,7289,1340,1740,3132,3132,714,987,1767,1767,574,598,1069,1069,34.4,78
115,"Electrical Engineering (4 Years, Bachelor of Technology)",3348,5832,7300,9988,1901,2477,4703,5141,1225,1745,1925,2349,593,716,1137,1137,20.4,71
115,"Mechanical Engineering (4 Years, Bachelor of Technology)",7244,8926,13690,16633,3200,3984,7091,7406,1741,2078,3508,3751,781,944,1480,1480,20.3,66
115,"Engineering Physics (4 Years, Bachelor of Technology)",6677,9822,15050,16223,3721,4920,8786,8786,2633,2976,4466,4466,1319,1429,1499,1499,28.1,73
115,"Chemical Engineering (4 Years, Bachelor of Technology)",9555,11041,14696,16377,3618,4293,7385,8199,2228,2502,3758,3758,1127,1129,1503,1503,31.3,62
115,"Civil Engineering (4 Years, Bachelor of Technology)",10039,13078,19279,20841,3941,4747,7797,7880,1942,2368,3554,3554,780,835,1559,1559,20.6,63
115,"Metallurgical and Materials Engineering (4 Years, Bachelor of Technology)",11727,14524,19293,19725,4852,5465,8946,8946,2818,3064,4656,4656,1312,1312,433,433,34.2,98
116,"Computer Science and Engineering (4 Years, Bachelor of Technology)",656,1079,1748,2275,268,359,894,1031,159,284,402,513,67,107,275,275,33.5,66
116,"Computer Science and Engineering (5 Years, Bachelor and Master of Technology (Dual Degree))",1126,1366,2299,2912,397,597,1283,1424,184,341,663,663,255,279,544,544,24,78
116,"Mathematics and Computing (5 Years, Bachelor and Master of Technology (Dual Degree))",1510,2034,4650,5557,611,1178,2398,2729,495,762,930,930,320,412,710,710,26.4,81
116,"Electronics Engineering (4 Years, Bachelor of Technology)",1929,2876,4894,5954,762,1374,2137,2944,409,926,1483,1734,259,443,846,955,34.1,65
116,"Electrical Engineering (4 Years, Bachelor of Technology)",2896,3534,6086,7183,1179,1627,2541,3321,766,1124,1913,2217,339,500,739,970,25.1,95
116,"Electrical Engineering with M.Tech. in Power Electronics (5 Years, Bachelor and Master of Technology (Dual Degree))",3957,4662,8362,10123,1647,2178,3582,4365,1180,1320,2281,2281,526,526,1087,1087,34,60
116,"Mechanical Engineering (4 Years, Bachelor of Technology)",4792,6694,9906,13864,1842,2999,5327,6178,1065,1563,2377,3328,586,764,1215,1318,34.2,73
116,"Mechanical Engineering (5 Years, Bachelor and Master of Technology (Dual Degree))",6846,8244,14377,15421,3040,3393,6359,6523,1550,2007,2396,3347,787,838,1502,1502,25.5,67
116,"Chemical Engineering (4 Years, Bachelor of Technology)",6225,8999,10294,13910,3124,3854,5322,6334,1519,2153,2439,3138,801,998,1463,1481,30.2,91
116,"Engineering Physics (5 Years, Bachelor and Master of Technology (Dual Degree))",6786,9612,11933,12213,3355,4637,8103,8103,2665,2892,3895,3895,1385,1450,1482,1500,26.8,62
116,"Civil Engineering (4 Years, Bachelor of Technology)",7620,10232,14290,16550,3055,3959,5943,6990,1593,2133,1405,3229,572,714,1144,1244,25,85
116,"Civil Engineering (5 Years, Bachelor and Master of Technology (Dual Degree))",9341,11332,16845,18848,4054,4359,7178,7885,1917,2598,3489,3489,842,859,1163,1263,21.2,93
116,"Metallurgical Engineering (4 Years, Bachelor of Technology)",8656,11388,16115,17543,3882,4473,6808,7454,2223,2696,3333,4199,1120,1273,60,182,22.1,80
116,"Metallurgical Engineering (5 Years, Bachelor and Master of Technology (Dual Degree))",11427,13072,19046,19161,3383,5219,8683,8683,2897,2989,4645,4645,1287,1379,79,201,33.6,94
116,"Ceramic Engineering (4 Years, Bachelor of Technology)",9616,13254,17873,19129,4341,5566,7456,9007,2288,3288,4456,4630,1383,1401,176,176,27.6,74
116,"Mining Engineering (4 Years, Bachelor of Technology)",11360,13556,17694,22557,3549,5426,7598,8891,2698,3281,4384,4635,1251,1344,257,562,30,73
116,"Materials Science and Technology (5 Years, Bachelor and Master of Technology (Dual Degree))",11431,13565,17602,19246,4319,5753,7731,7731,2567,3170,4179,4467,1271,1271,276,581,24.8,71
116,"Pharmaceutical Engineering & Technology (4 Years, Bachelor of Technology)",12409,14379,20044,21398,4783,6051,7992,8759,2817,3403,4455,4500,1327,1504,620,620,27.4,76
116,"Industrial Chemistry (5 Years, Bachelor and Master of Technology (Dual Degree))",10557,14443,21325,22583,5608,6065,8011,8778,3172,3205,4540,4540,1515,1540,639,639,30.1,71
116,"Ceramic Engineering (5 Years, Bachelor and Master of Technology (Dual Degree))",13161,14479,21854,22939,5704,6274,8030,8797,2876,3335,4734,4734,1436,1436,658,658,23.7,68
116,"Biochemical Engineering with M.Tech. in Biochemical Engineering and Biotechnology (5 Years, Bachelor and Master of Technology (Dual Degree))",10539,14830,18526,18670,5195,6271,8782,8782,2992,3273,3569,3569,1396,1428,677,677,31.5,61
116,"Bioengineering with M.Tech in Biomedical Technology (5 Years, Bachelor and Master of Technology (Dual Degree))",11799,14852,17518,18004,5652,5956,8511,8511,2661,3386,3961,3961,1470,1470,696,696,22.1,98
116,"Mining Engineering (5 Years, Bachelor and Master of Technology (Dual Degree))",13608,15572,22734,23275,5432,6067,8530,8530,3200,3377,4738,4738,1285,1285,458,458,20.3,72
116,"Pharmaceutical Engineering & Technology (5 Years, Bachelor and Master of Technology (Dual Degree))",14899,15585,21839,22446,5699,6142,8549,8549,3136,3237,4699,4699,1397,1493,477,477,29.1,77
116,"Architecture (5 Years, Bachelor of Architecture)",23877,24641,25056,25690,8755,8755,8568,8568,3785,4250,4620,4620,646,1083,496,496,32.8,87
117,"Computer Science and Engineering (4 Years, Bachelor of Technology)",398,654,1422,1718,208,267,704,857,121,173,353,383,58,83,238,296,21.7,78
117,"Data Science and Artificial Intelligence (4 Years, Bachelor of Technology)",846,1027,1497,1945,306,394,1243,1314,183,262,802,802,98,100,257,315,23.1,86
117,"Mathematics and Computing (4 Years, Bachelor of Technology)",748,1124,2123,2372,352,532,1153,1366,177,381,882,1064,123,167,388,388,22.3,96
117,"Electronics and Communication Engineering (4 Years, Bachelor of Technology)",1308,1698,3606,4199,616,832,1578,1707,192,627,745,992,147,201,455,455,30.5,97
117,"Electronics and Electrical Engineering (4 Years, Bachelor of Technology)",1741,2117,4378,5191,870,1072,1999,2222,505,692,1112,1436,306,338,630,630,29.6,91
117,"Mechanical Engineering (4 Years, Bachelor of Technology)",2630,4754,8233,10501,1554,2191,4565,5178,895,1245,2364,2456,458,624,1065,1169,28.8,77
117,"Chemical Engineering (4 Years, Bachelor of Technology)",4795,5959,9779,11302,1960,2812,4987,5626,1045,1582,2472,2722,733,774,662,991,24,81
117,"Engineering Physics (4 Years, Bachelor of Technology)",4587,6423,10929,13263,2736,3507,6239,6723,1744,2137,3537,3775,924,1055,1629,1629,24.4,83
117,"Energy Engineering (4 Years, Bachelor of Technology)",5822,6637,12986,13272,2105,2968,6815,6815,1684,1800,3453,3453,830,830,1648,1648,20.2,97
117,"Chemical Science and Technology (4 Years, Bachelor of Technology)",6427,8413,12131,14677,3203,3658,6569,6966,1677,2073,2838,3005,779,892,1489,1489,28.9,94
117,"Civil Engineering (4 Years, Bachelor of Technology)",4386,8453,13824,15530,3020,3376,5903,6493,1637,1842,2170,3096,528,585,893,1183,31.4,68
117,"Biosciences and Bioengineering (4 Years, Bachelor of Technology)",8761,10455,16077,17655,3696,4240,7751,7874,2314,2559,3777,4151,673,1232,1582,1582,29.9,70
118,"Computer Science and Engineering (4 Years, Bachelor of Technology)",3447,5791,9269,11200,1545,2468,3281,4225,1046,1283,1586,1966,454,509,894,894,23.6,94
118,"Data Science and Artificial Intelligence (4 Years, Bachelor of Technology)",5685,7009,10880,11936,2512,2824,4234,4366,949,1389,2358,2404,695,743,913,913,29.2,86
118,"Electrical Engineering (4 Years, Bachelor of Technology)",8470,10745,14535,15872,3332,4094,5890,6416,1963,2209,2651,2651,993,1024,1556,1556,28.1,68
118,"Mechatronics Engineering (4 Years, Bachelor of Technology)",10302,11894,17326,19321,3651,4731,8020,8020,2356,2647,4469,4469,1050,1050,1575,1575,28.7,78
118,"Mechanical Engineering (4 Years, Bachelor of Technology)",12194,14404,19413,22278,4174,4905,8264,8996,2639,2794,4259,4259,1034,1167,82,82,24.1,69
118,"Materials Science and Metallurgical Engineering (4 Years, Bachelor of Technology)",15984,16674,22385,23317,6053,6224,8283,9015,3116,3265,4278,4278,1409,1409,101,101,27,87
119,"Computer Science and Engineering (4 Years, Bachelor of Technology)",3410,4232,6983,7646,1452,1753,3025,3678,711,891,1903,1903,305,369,1083,1083,27.2,75
119,"Mathematics and Computing (4 Years, Bachelor of Technology)",4390,6568,9722,10611,1880,2579,4517,4570,1097,1583,1922,1922,668,699,1102,1102,33.2,80
119,"Electrical Engineering (4 Years, Bachelor of Technology)",6655,8909,11818,15019,3024,3685,5783,6322,1667,2102,2500,2500,507,953,1408,1408,30.9,62
119,"Mechanical Engineering (4 Years, Bachelor of Technology)",10369,13483,19656,21060,4088,4810,7347,7837,2350,2615,3999,4239,831,977,136,136,25.6,85
120,"Computer Science and Engineering (4 Years, Bachelor of Technology)",3705,5162,8281,9104,1331,1735,2889,3104,337,735,1595,1595,379,400,932,932,27.7,66
120,"Data Science and Engineering (4 Years, Bachelor of Technology)",5609,7108,9260,11636,1835,2625,3644,3702,1150,1533,2402,2402,607,648,996,996,25.6,61
120,"Electrical Engineering (4 Years, Bachelor of Technology)",7989,9766,12747,14463,2732,3664,5236,5632,1817,1998,2569,2569,756,778,1518,1518,20.7,86
120,"Mechanical Engineering (4 Years, Bachelor of Technology)",10064,13086,18749,21004,4060,4812,7637,8001,2296,2583,3588,3588,1029,1148,86,86,33.1,84
120,"Civil Engineering (4 Years, Bachelor of Technology)",14166,16487,22093,23510,4840,5730,8228,8229,2864,2934,3776,3776,844,1206,1600,1600,22.5,97
121,"Computer Science and Engineering (4 Years, Bachelor of Technology)",2089,3701,5063,6558,1084,1428,2120,2392,450,875,1539,1539,164,307,882,882,28.5,87
121,"Electrical Engineering (4 Years, Bachelor of Technology)",6144,8826,8480,12903,2172,3243,4900,5444,1118,2035,2114,2114,625,736,1291,1291,21.8,81
121,"Mechanical Engineering (4 Years, Bachelor of Technology)",9740,12150,15866,18347,3835,4543,6643,6770,2454,2612,2422,2422,1093,1125,1419,1419,20.7,72
121,"Chemical Engineering (4 Years, Bachelor of Technology)",12703,14593,13085,21252,4623,5488,7708,7813,2743,2774,3180,3313,1325,1359,1438,1438,31,65
121,"Civil Engineering (4 Years, Bachelor of Technology)",13330,16658,19924,23232,4523,5635,7451,8015,2400,2875,2458,2681,1118,1199,1457,1457,32.4,84
122,"Computer Science and Engineering (4 Years, Bachelor of Technology)",3919,4856,8521,9840,1639,2492,4481,5063,943,995,1986,1986,575,696,1476,1476,26.3,85
122,"Mathematics and Computing (4 Years, Bachelor of Technology)",6108,7855,10282,14564,2796,3128,5459,6777,1679,1902,3007,3048,809,837,1495,1495,34.9,76
122,"Electrical Engineering (4 Years, Bachelor of Technology)",8695,9821,13856,15977,2969,3611,6603,7258,1935,2205,3326,3326,876,1075,1514,1514,33.7,96
122,"Mechanical Engineering (4 Years, Bachelor of Technology)",10829,14589,18797,20674,4197,4906,8796,9044,2162,2660,4401,4401,1194,1212,316,316,27.7,65
122,"Chemical Engineering (4 Years, Bachelor of Technology)",12882,16433,21553,24066,4218,5596,8985,8985,2451,3009,4024,4024,1188,1279,471,471,21.9,65
122,"Civil Engineering (4 Years, Bachelor of Technology)",12897,16786,23714,24403,5590,5909,9004,9004,1574,2991,4504,4504,1100,1155,1572,1572,31.2,95
122,"Materials Engineering (4 Years, Bachelor of Technology)",16600,17296,23299,24706,5818,6301,9023,9023,2962,3325,4560,4560,1549,1557,662,662,31.2,69
123,"Computer Science and Engineering (4 Years, Bachelor of Technology)",3889,5978,7909,10825,1708,2386,3237,3580,509,1172,1690,2032,350,444,613,613,25.7,65
123,"Mathematics and Computing (4 Years, Bachelor of Technology)",6104,7412,11118,11274,2636,3090,5126,5177,1497,1821,2614,2614,602,828,632,632,34.4,93
123,"Electrical Engineering (4 Years, Bachelor of Technology)",7548,10267,13435,15197,3186,3966,5922,6415,1367,2282,2761,2927,854,871,1321,1321,20.8,92
123,"Engineering Physics (4 Years, Bachelor of Technology)",11412,13387,19665,19665,5639,5738,5941,6434,2536,2863,4308,4308,1346,1346,1340,1340,21.3,92
123,"Mechanical Engineering (4 Years, Bachelor of Technology)",10192,14010,21510,22719,4691,5158,7259,8340,2586,2773,3058,3058,1108,1113,1465,1465,30.3,86
123,"Chemical and Biochemical Engineering (4 Years, Bachelor of Technology)",13177,16106,19087,19087,5434,5555,7278,8359,3124,3155,3977,3977,1343,1343,1484,1484,22.4,84
123,"Civil and Infrastructure Engineering (4 Years, Bachelor of Technology)",16426,16739,22017,22017,4734,5548,8726,8726,2872,2879,4137,4137,1200,1200,1503,1503,27.7,98
123,"Interdisciplinary Sciences (5 Years, Bachelor of Science and Master of Science (Dual Degree))",15968,18027,19685,25311,6309,6538,8745,8745,2862,3454,4704,4828,1534,1574,638,638,30.5,84