Institute_code,Academic_program_name,OPEN_Gender_Neutral_OR,OPEN_Gender_Neutral_CR,OPEN_Female_Only_OR,OPEN_Female_Only_CR,OBC_NCL_Gender_Neutral_OR,OBC_NCL_Gender_Neutral_CR,OBC_NCL_Female_Only_OR,OBC_NCL_Female_Only_CR,SC_Gender_Neutral_OR,SC_Gender_Neutral_CR,SC_Female_Only_OR,SC_Female_Only_CR,ST_Gender_Neutral_OR,ST_Gender_Neutral_CR,ST_Female_Only_OR,ST_Female_Only_CR,Avg_branch_ctc,Seat_capacity
101,"Computer Science and Engineering (4 Years, Bachelor of Technology)",1693,3224,3546,5329,787,1257,1956,2414,431,774,1158,1179,282,391,589,589,24.4,94
101,"Computer Science and Engineering (5 Years, Bachelor and Master of Technology (Dual Degree))",3555,3669,8083,8083,1349,1485,2964,2964,948,948,1255,1276,413,413,802,802,24.5,76
101,"Electronics and Communication Engineering (4 Years, Bachelor of Technology)",3224,5292,7283,8821,1509,2103,2507,3056,828,1322,1521,1582,475,543,1123,1123,25.4,98
101,"Electrical Engineering (4 Years, Bachelor of Technology)",5193,7714,10066,12898,2114,2692,3404,4912,1242,1765,2431,2431,511,599,1022,1022,30.3,91
101,"Electrical Engineering and M.Tech Power Electronics and Drives (5 Years, Bachelor and Master of Technology (Dual Degree))",7690,8109,15767,15767,3098,3221,5997,5997,2184,2184,2657,2657,974,974,1248,1248,26.3,77
101,"Mechanical Engineering (4 Years, Bachelor of Technology)",7940,10898,14986,17979,3136,3919,5635,7147,2043,2366,2317,2352,895,906,1588,1588,30.3,80
101,"Mechanical Engineering and M. Tech. in Mechanical System Design (5 Years, Bachelor and Master of Technology (Dual Degree))",10726,11613,19011,19011,4048,4489,8799,8799,2265,2558,2498,2533,1167,1511,1769,1769,32.1,60
101,"Mechanical Engineering with M.Tech. in Manufacturing Engineering (5 Years, Bachelor and Master of Technology (Dual Degree))",11875,12679,19130,19130,4627,4664,8758,8758,2616,2616,3567,3567,1454,1454,1728,1728,24.9,93
101,"Mechanical Engineering and M. Tech. in Thermal Science & Engineering (5 Years, Bachelor and Master of Technology (Dual Degree))",11731,13302,20312,20312,4367,4484,8123,8123,2632,2632,4509,4509,1493,1493,1759,1759,22.2,92
101,"Civil Engineering (4 Years, Bachelor of Technology)",12767,15189,19181,21421,4518,5466,6097,7384,2133,2991,4177,4177,990,1050,1541,1541,26.7,71
101,"Civil Engineering and M.Tech in Transportation Engineering (5 Years, Bachelor and Master of Technology (Dual Degree))",14839,15389,21587,21587,5366,5678,8410,8410,2759,2761,4019,4019,1248,1248,1529,1529,30.2,72
101,"Metallurgical and Materials Engineering (4 Years, Bachelor of Technology)",12612,15927,21542,22512,4876,5802,8549,8549,2995,3180,4084,4084,1375,1375,1664,1664,31.6,63
101,"Civil Engineering and M.Tech. in Environmental Engineering (5 Years, Bachelor and Master of Technology (Dual Degree))",15670,16366,22252,22252,5844,6234,8676,8676,2992,2992,3827,3827,1397,1397,1791,1791,22.4,93
101,"Metallurgical and Materials Engineering (5 Years, Bachelor and Master of Technology (Dual Degree))",15784,16338,23544,23544,5888,5889,7257,7257,2991,3234,3684,3684,1479,1479,182,182,26.8,93
101,"Civil Engineering and M. Tech. in Structural Engineering (5 Years, Bachelor and Master of Technology (Dual Degree))",13594,16569,23278,23278,5079,6135,7378,7378,2325,2325,4799,4799,1208,1208,303,303,25.1,88
102,"Computer Science and Engineering (4 Years, Bachelor of Technology)",365,340,329,564,283,331,332,500,275,300,304,386,274,283,313,360,24.5,74
102,"Electrical Engineering (4 Years, Bachelor of Technology)",522,766,858,1571,368,673,617,1215,386,480,839,911,319,375,549,549,29,93
102,"Electrical Engineering (5 Years, Bachelor and Master of Technology (Dual Degree))",731,1107,2376,3133,532,809,1064,1650,322,519,739,1083,225,334,449,449,20.3,69
102,"BS in Mathematics (4 Years, Bachelor of Science)",1167,1785,2783,3254,1182,1860,2904,2904,326,651,2330,2330,660,660,423,423,30.3,91
102,"Mechanical Engineering (4 Years, Bachelor of Technology)",637,1844,1900,4281,412,1080,1335,2565,329,604,744,1334,194,369,452,621,24.6,79
102,"Engineering Physics (4 Years, Bachelor of Technology)",685,2022,4776,5427,1076,1819,3072,3501,802,1170,2355,2602,807,1057,1451,1451,32,79
102,"Economics (4 Years, Bachelor of Science)",1386,2114,2727,5975,729,1342,1355,1355,271,823,1666,1666,449,985,492,492,20.7,60
102,"Aerospace Engineering (4 Years, Bachelor of Technology)",780,2700,3719,4653,550,1594,1698,3695,65,958,1162,1932,233,481,371,371,22.6,91
102,"Chemical Engineering (4 Years, Bachelor of Technology)",1721,2983,3228,5585,701,1608,2120,3580,313,1095,823,1814,301,646,561,661,25.6,85
102,"Energy Engineering (4 Years, Bachelor of Technology)",2130,3131,4841,6241,1671,2103,3993,4042,768,1505,1978,1978,1008,1094,1150,1150,33,66
102,"Civil Engineering (4 Years, Bachelor of Technology)",2618,4617,6424,8103,1324,2280,2100,4746,796,1361,1724,2042,463,581,582,1016,20.6,61
102,"Metallurgical Engineering and Materials Science (4 Years, Bachelor of Technology)",2792,4712,5850,7987,1238,2524,4406,4751,900,1477,2292,2859,502,867,815,876,21.5,85
102,"Environmental Science and Engineering (4 Years, Bachelor of Technology)",3870,5449,8227,10671,2215,3200,3987,4151,1243,1520,2335,2335,960,1027,1093,1093,21.1,88
102,"Chemistry (4 Years, Bachelor of Science)",5315,9118,14381,14983,2854,4058,6872,6897,1664,2375,2944,2944,1360,1421,1280,1280,31,67
103,"Computer Science and Engineering (4 Years, Bachelor of Technology)",1806,3194,5000,6881,1010,1593,2412,2888,680,980,1386,1760,500,603,912,912,29.8,77
103,"Data Science and Engineering (4 Years, Bachelor of Technology)",3102,4230,7716,8608,1791,1987,3036,3693,877,1387,2225,2225,603,850,1434,1434,27.4,97
103,"B.Tech in Mathematics and Computing (4 Years, Bachelor of Technology)",3643,4343,8919,9192,1674,2034,3684,3869,1322,1383,2475,2475,623,813,1390,1390,33,67
103,"B.Tech in Microelectronics & VLSI (4 Years, Bachelor of Technology)",4578,7290,11614,11981,2493,3314,4856,5013,1697,2095,3240,3240,1356,1418,1544,1544,22.9,78
103,"Electrical Engineering (4 Years, Bachelor of Technology)",5015,7354,10029,12549,2583,3080,3959,5702,1369,1856,2591,3058,314,844,1411,1411,25.1,66
103,"Mechanical Engineering (4 Years, Bachelor of Technology)",8141,10797,15635,17669,3322,4414,7669,8067,2130,2399,2902,3917,1194,1235,274,274,28.9,67
103,"Engineering Physics (4 Years, Bachelor of Technology)",8107,11444,18062,19012,4275,5323,8899,8899,2562,2764,3583,3583,1296,1438,122,122,20.6,81
103,"B.Tech in General Engineering (4 Years, Bachelor of Technology)",9852,12461,18926,19058,4464,5634,9083,9083,3009,3281,3611,3611,1360,1509,306,306,34.4,81
103,"Civil Engineering (4 Years, Bachelor of Technology)",11041,14147,19849,22194,4562,5278,8749,8849,2673,2942,4328,4328,1080,1227,1744,1744,32.9,80
103,"B.Tech in Materials Science and Engineering (4 Years, Bachelor of Technology)",12728,15889,21704,22255,5573,6011,8576,8676,2896,3161,4762,4762,1457,1640,1571,1571,22.3,96
103,"Bio Engineering (4 Years, Bachelor of Technology)",12726,16367,18578,21309,6030,6463,8772,8872,3334,3590,4434,4434,1725,1834,1767,1767,29.5,64
103,"BS in Chemical Sciences (4 Years, Bachelor of Science)",12670,17296,23613,24910,6210,6381,8518,8618,3391,3442,4660,4660,1455,1550,1513,1513,29.3,65
104,"Computer Science and Engineering (4 Years, Bachelor of Technology)",60,151,124,452,93,138,285,351,43,82,157,162,51,57,122,149,23.8,76
104,"Computer Science and Engineering (5 Years, Bachelor and Master of Technology (Dual Degree))",208,251,687,790,180,232,467,624,141,171,404,404,91,120,276,276,22.7,61
104,"Mathematics and Computing (4 Years, Bachelor of Technology)",267,451,531,914,249,347,545,961,150,251,617,800,146,179,322,322,21.1,64
104,"Mathematics and Computing (5 Years, Bachelor and Master of Technology (Dual Degree))",649,648,1221,1417,470,544,1104,1222,382,425,596,596,321,328,461,461,26.8,74
104,"Electrical Engineering (4 Years, Bachelor of Technology)",610,774,1071,1885,399,648,679,1297,274,412,672,854,211,266,379,410,30.3,92
104,"Electrical Engineering (Power and Automation) (4 Years, Bachelor of Technology)",753,951,2017,2336,607,701,1300,1727,373,522,907,936,266,295,479,479,20.4,61
104,"Engineering and Computational Mechanics (4 Years, Bachelor of Technology)",886,1288,2510,2785,665,845,1646,1946,486,673,874,874,259,313,506,506,26.5,99
104,"Mechanical Engineering (4 Years, Bachelor of Technology)",1159,1950,2973,4236,814,1193,2731,3151,206,717,1043,1575,336,454,837,837,28.8,89
104,"Chemical Engineering (4 Years, Bachelor of Technology)",2121,2569,3934,5646,1260,1650,3202,3478,773,1052,1362,1478,588,698,853,853,20.1,94
104,"Engineering Physics (4 Years, Bachelor of Technology)",360,2924,4957,6690,1249,2206,3857,5379,864,1381,2557,2680,1024,1079,1433,1433,22.3,73
104,"Energy Engineering (4 Years, Bachelor of Technology)",2248,3042,5456,6140,1218,2205,4151,5584,1109,1497,2773,2773,712,852,1710,1710,31.5,93
104,"Production and Industrial Engineering (4 Years, Bachelor of Technology)",2330,3459,5720,7415,1246,2631,4747,5697,1137,1646,2263,2955,852,1153,1387,1387,30.5,60
104,"Materials Engineering (4 Years, Bachelor of Technology)",3374,4226,8251,10201,2214,2810,5780,5868,1589,1673,1980,1980,981,1012,1558,1558,21.5,73
104,"Chemical Engineering (5 Years, Bachelor and Master of Technology (Dual Degree))",2878,4473,6729,7513,1581,2097,4304,4410,811,1169,2172,2463,549,816,919,919,29.1,85
104,"Civil Engineering (4 Years, Bachelor of Technology)",3103,4649,7791,9468,1088,2281,2382,4891,636,1024,1491,1700,237,391,356,1045,23.1,78
104,"Biotechnology and Biochemical Engineering (4 Years, Bachelor of Technology)",3688,5756,7299,10504,1224,3050,3926,5792,1180,1693,1996,2758,794,920,1511,1511,33.5,84
104,"Textile Technology (4 Years, Bachelor of Technology)",4693,6813,10527,12030,2936,3584,5865,6521,1748,2183,2968,3291,963,1209,1732,1732,32.9,90
105,"Computer Science and Engineering (4 Years, Bachelor of Technology)",1030,1472,2057,2855,383,535,1049,1274,285,426,510,635,190,221,262,262,22.4,65
105,"Mathematics and Computing (4 Years, Bachelor of Technology)",2121,2443,3769,4105,1010,1553,1436,1857,818,1142,1894,1894,592,628,898,898,29.7,61
105,"Electrical Engineering (4 Years, Bachelor of Technology)",2281,3680,5802,7575,1392,1868,2352,3663,518,1215,1810,2333,465,564,1112,1112,21.9,74
105,"Mechanical Engineering (4 Years, Bachelor of Technology)",5120,7579,9308,14773,2652,3322,5287,5622,1404,1837,2665,3262,663,833,1309,1309,21.4,95
105,"Space Sciences and Engineering (4 Years, Bachelor of Technology)",6408,8091,13550,14412,2759,3762,6462,6462,2022,2045,2532,2532,1278,1278,1493,1493,25.4,85
105,"Engineering Physics (4 Years, Bachelor of Technology)",6002,8331,11857,13720,3515,4322,8160,8160,2082,2359,4139,4139,1367,1367,1368,1368,32,95
105,"Chemical Engineering (4 Years, Bachelor of Technology)",7905,9922,15141,15337,3497,4509,6096,6205,2222,2415,3092,3092,1152,1229,1754,1754,25,72
105,"Civil Engineering (4 Years, Bachelor of Technology)",9513,11012,15012,18011,2866,4222,6623,7018,1820,2164,2875,2982,687,702,1380,1380,30.8,65
105,"Metallurgical Engineering and Materials Science (4 Years, Bachelor of Technology)",10727,12337,16480,18222,4275,4804,7071,8079,2426,2828,4248,4323,1241,1368,409,409,26.8,96
106,"Computer Science and Engineering (4 Years, Bachelor of Technology)",332,405,649,828,237,286,461,510,181,218,155,296,142,158,258,258,27.2,65
106,"Computer Science and Engineering (5 Years, Bachelor and Master of Technology (Dual Degree))",537,824,1395,1538,392,537,947,1089,315,367,643,666,237,267,660,660,34.5,65
106,"Electronics and Electrical Communication Engineering (4 Years, Bachelor of Technology)",754,1349,2330,2893,481,692,1126,1285,247,470,820,820,229,279,326,326,21,77
106,"Mathematics and Computing (4 Years, Bachelor of Science)",1099,1554,2333,3861,499,884,1703,1941,516,640,1377,1602,286,542,541,541,21.3,91
106,"Electronics and Electrical Communication Engineering with M.Tech. in any of the listed specializations (5 Years, Bachelor and Master of Technology (Dual Degree))",1341,1654,3427,5152,796,1102,1195,1606,312,551,960,1588,261,318,598,598,25.7,74
106,"Electrical Engineering (4 Years, Bachelor of Technology)",1739,2103,3708,5135,907,1165,1413,1969,620,771,995,1185,448,511,632,632,29,91
106,"Electrical Engineering with M.Tech. in any of the listed specializations (5 Years, Bachelor and Master of Technology (Dual Degree))",1979,2327,2416,5395,1178,1250,2204,2204,644,804,1508,1508,463,464,468,468,25.5,67
106,"Instrumentation Engineering (4 Years, Bachelor of Technology)",2330,2545,5804,6305,1223,1564,2480,2546,901,1148,1971,1971,708,745,1445,1445,22.1,73
106,"Mechanical Engineering (4 Years, Bachelor of Technology)",2857,3444,6626,7481,1295,1809,2997,4316,486,1105,1374,1914,569,647,865,865,31.1,68
106,"Industrial and Systems Engineering (4 Years, Bachelor of Technology)",2861,3936,7759,9176,1655,1977,2358,4220,773,1521,2582,2582,551,757,1240,1240,27.5,84
106,"Aerospace Engineering (4 Years, Bachelor of Technology)",3401,4776,8499,9123,1856,2300,3835,4260,961,1391,2129,2129,509,751,607,607,33.5,83
106,"Mechanical Engineering with M.Tech. in any of the listed specializations (5 Years, Bachelor and Master of Technology (Dual Degree))",3820,5106,9869,12199,2178,2878,4690,6354,1340,1674,2333,2712,783,921,902,902,24.2,66
106,"Chemical Engineering (4 Years, Bachelor of Technology)",3159,5088,6934,9767,2049,2545,4424,4721,1166,1625,739,2197,575,866,790,790,24.2,61
106,"Aerospace Engineering (5 Years, Bachelor and Master of Technology (Dual Degree))",4658,5271,11163,12594,2655,2846,5517,5517,1486,1709,2501,2501,523,523,752,752,25.1,75
106,"Industrial and Systems Engineering with M.Tech. in Industrial and Systems Engineering and Management (5 Years, Bachelor and Master of Technology (Dual Degree))",4217,5504,9649,13444,2162,2458,3889,3889,1895,2097,3116,3116,983,1051,753,753,32.5,85
106,"Economics (4 Years, Bachelor of Science)",4503,6099,11333,12851,2090,3328,5021,5813,1621,2211,3912,3912,1259,1341,1712,1712,24.9,72
106,"Manufacturing Science and Engineering (4 Years, Bachelor of Technology)",5000,6479,12060,13100,2815,3357,6292,6383,1739,2056,3082,3082,988,1214,1597,1597,27.3,97
106,"Chemical Engineering (5 Years, Bachelor and Master of Technology (Dual Degree))",5552,6645,10864,11723,2843,3264,5035,5869,1576,1848,2167,2167,914,934,1622,1622,30.6,64
106,"Civil Engineering (4 Years, Bachelor of Technology)",5394,7297,11367,13852,2111,3127,5244,5627,944,1646,1061,2415,565,647,806,806,31.5,64
106,"Metallurgical and Materials Engineering (4 Years, Bachelor of Technology)",6288,7523,10196,13048,2872,3610,6124,6659,1484,2165,2984,3048,1067,1207,1454,1454,27.1,98
106,"Manufacturing Science and Engineering with M.Tech. in Industrial and Systems Engineering and Management (5 Years, Bachelor and Master of Technology (Dual Degree))",5856,8396,13671,15682,3530,3845,6924,6924,2276,2359,4157,4157,1339,1339,1503,1503,20.8,98
106,"Biotechnology and Biochemical Engineering (4 Years, Bachelor of Technology)",6347,8482,12267,13462,3334,3846,3623,3623,1911,2418,3308,3308,1161,1200,1387,1387,26.6,87
106,"Civil Engineering with any of the listed specialization (5 Years, Bachelor and Master of Technology (Dual Degree))",7282,8793,14880,15855,3045,3299,7268,7550,1576,1883,3354,3354,615,669,1337,1337,32.2,62
106,"Metallurgical and Materials Engineering (5 Years, Bachelor and Master of Technology (Dual Degree))",7928,9247,14444,15525,3665,3905,5987,7279,2328,2652,3481,3481,1203,1230,1464,1464,27.4,87
106,"Ocean Engineering and Naval Architecture (4 Years, Bachelor of Technology)",8191,9785,14486,16183,3435,4119,7109,7587,2012,2357,3830,3830,1275,1369,1701,1701,31.7,82
106,"Mining Engineering (4 Years, Bachelor of Technology)",7430,9905,16467,17753,2847,4004,6904,7404,1763,2357,3095,3409,872,1193,1602,1602,33.4,89
106,"Biotechnology and Biochemical Engineering (5 Years, Bachelor and Master of Technology (Dual Degree))",2510,10027,13558,15267,3945,4490,7729,7729,2000,2718,3409,3409,1288,1308,1574,1574,22.5,62
106,"Physics (4 Years, Bachelor of Science)",6731,10327,14211,17418,3960,5133,8635,8647,2136,3086,2863,2863,1466,1596,190,190,32.3,69
106,"Agricultural and Food Engineering (4 Years, Bachelor of Technology)",1500,10394,16164,16564,4012,4254,6756,6918,2125,2623,3017,3017,1045,1351,1758,1758,23.3,88
106,"Ocean Engineering and Naval Architecture (5 Years, Bachelor and Master of Technology (Dual Degree))",8624,10735,16667,17776,4085,4680,7311,7726,2049,2753,3703,3703,1364,1388,1717,1717,32.2,60
106,"Mining Engineering (5 Years, Bachelor and Master of Technology (Dual Degree))",10105,11704,17913,19344,4487,4896,8495,8495,2849,2950,4104,4104,1106,1640,1928,1928,34.5,97
106,"Agricultural and Food Engineering with M.Tech. in any of the listed specializations (5 Years, Bachelor and Master of Technology (Dual Degree))",10457,11844,16297,18843,4589,5120,8328,8381,2616,2926,3500,3500,1249,1420,352,352,21.5,83
106,"Exploration Geophysics (4 Years, Bachelor of Science)",9542,12508,19521,19818,4322,5517,8879,8879,2803,3381,4359,4359,1554,1581,692,692,20.7,74
106,"Mining Safety Engineering (5 Years, Bachelor and Master of Technology (Dual Degree))",11754,12879,19250,20245,4778,5288,8368,8368,2814,2941,4102,4102,1397,1397,687,687,24.3,76
106,"Chemistry (4 Years, Bachelor of Science)",9944,13556,16633,18510,3754,5620,7607,7607,2715,3210,3976,3976,1350,1466,468,468,28.1,72
106,"Applied Geology (4 Years, Bachelor of Science)",10487,14323,18627,20705,4951,5765,7381,7381,2918,3342,4083,4083,1482,1603,657,657,34.2,99
106,"Architecture (5 Years, Bachelor of Architecture)",14176,23511,18010,24800,6880,8963,7457,7457,2847,3845,4295,4295,1719,362,937,937,29.2,90
107,"Computer Science and Engineering (4 Years, Bachelor of Technology)",390,686,648,1312,174,268,610,662,122,161,307,333,19,69,129,129,26.8,89
107,"Artificial Intelligence (4 Years, Bachelor of Technology)",688,1016,1715,1935,259,457,811,888,262,306,669,669,167,181,226,226,26.9,86
107,"Mathematics and Computing (4 Years, Bachelor of Technology)",1177,1329,2145,2145,626,724,1102,1102,495,542,773,773,369,369,386,386,30.7,76
107,"Computational Engineering (4 Years, Bachelor of Technology)",1328,1902,4861,4884,840,987,1338,1338,540,750,1298,1298,443,444,1034,1034,21.5,68
107,"Electrical Engineering (4 Years, Bachelor of Technology)",1348,2415,3191,4006,812,1298,1645,1902,875,971,972,1298,349,422,824,824,24.3,99
107,"Electrical Engineering (IC Design and Technology) (4 Years, Bachelor of Technology)",2060,2568,3887,4785,784,1377,1820,1820,693,1008,1312,1312,364,532,882,882,29.8,91
107,"Engineering Science (4 Years, Bachelor of Technology)",2040,4142,5576,6187,1228,2047,2140,3438,914,1572,2003,2003,547,896,1444,1444,31,63
107,"Mechanical Engineering (4 Years, Bachelor of Technology)",2583,5111,7829,9584,1369,2489,3053,4311,1190,1529,2083,2171,446,675,1535,1535,29.3,79
107,"Engineering Physics (4 Years, Bachelor of Technology)",3340,5609,7841,8393,2416,2995,4827,5552,1214,1932,3011,3011,1171,1204,1491,1491,25.7,91
107,"Chemical Engineering (4 Years, Bachelor of Technology)",4993,7339,6959,11893,2666,3192,4194,4197,1791,1891,2528,2528,778,924,1126,1126,25.9,88
107,"Civil Engineering (4 Years, Bachelor of Technology)",6891,9513,10878,14321,3347,3694,4773,5117,1590,2124,2629,2658,638,822,1228,1228,31.1,64
107,"Materials Science and Metallurgical Engineering (4 Years, Bachelor of Technology)",8183,9872,13960,15094,3422,3937,5499,6266,1919,2333,2581,2581,1092,1122,1124,1124,31.5,65
107,"Biotechnology and Bioinformatics (4 Years, Bachelor of Technology)",7362,10713,11993,15329,3938,4454,6592,6592,2615,2842,3117,3117,1372,1515,1287,1287,33.1,92
107,"Biomedical Engineering (4 Years, Bachelor of Technology)",7610,11244,8026,15244,2964,4163,6389,7187,2050,2685,3169,3169,1520,1542,1294,1294,30.7,74
107,"Industrial Chemistry (4 Years, Bachelor of Technology)",9991,11562,16352,16356,3598,4682,6850,6850,2485,2656,3504,3504,1484,1514,1335,1335,21.5,88
108,"Computer Science and Engineering (4 Years, Bachelor of Technology)",1664,2444,4369,6076,852,1399,2201,2649,505,733,1166,1478,292,403,899,899,27,64
108,"Artificial Intelligence and Data Science (4 Years, Bachelor of Technology)",2615,3608,3477,8348,1429,1984,3198,3403,1016,1182,1893,2165,618,707,1144,1144,32.6,66
108,"Electrical Engineering (4 Years, Bachelor of Technology)",4318,7168,9140,11229,2680,3229,4035,5304,1668,2146,2827,2902,483,994,1396,1396,20.2,81
108,"Mechanical Engineering (4 Years, Bachelor of Technology)",8081,10501,16420,18621,3443,4330,7365,8154,2287,2590,2987,4123,1120,1197,1700,1700,25.2,97
108,"Chemical Engineering (4 Years, Bachelor of Technology)",9095,12928,16240,18387,4509,5029,8624,8728,2408,2820,3577,3634,1162,1285,181,181,32.4,71
108,"Civil and Infrastructure Engineering (4 Years, Bachelor of Technology)",10882,14641,18467,21647,4486,5368,6153,8211,2672,2841,3826,3963,1010,1206,1540,1540,32.2,74
108,"Materials Engineering (4 Years, Bachelor of Technology)",13561,15844,19325,22155,5389,6265,9180,9180,3026,3506,4299,4716,1504,1614,560,560,26,88
108,"Physics with Specialization (4 Years, Bachelor of Science)",10700,15966,20781,23332,5794,6325,8778,8778,3360,3494,4938,4938,1580,1731,543,543,22.7,73
108,"Bio Engineering (4 Years, Bachelor of Technology)",12967,16675,21420,21960,5385,6387,8515,8903,2793,3500,4478,4478,1552,1580,780,780,33.5,85
108,"Chemistry with Specialization (4 Years, Bachelor of Science)",16298,17618,22239,24331,5780,6313,8405,8793,3408,3525,4693,4693,1369,1624,670,670,32.7,90
109,"Computer Science and Engineering (4 Years, Bachelor of Technology)",332,394,593,766,228,302,521,658,206,233,359,414,182,197,308,310,32.9,90
109,"Mathematics and Scientific Computing (4 Years, Bachelor of Science)",819,1210,2375,3836,549,834,1424,2079,401,759,1258,1278,342,490,493,493,30.6,98
109,"Statistics and Data Science (4 Years, Bachelor of Science)",936,1240,3412,4057,790,949,1227,1911,583,605,1143,1143,389,480,512,512,33.8,85
109,"Electrical Engineering (4 Years, Bachelor of Technology)",703,1472,2107,3687,596,911,1340,1982,380,704,871,1421,217,325,618,690,32.8,74
109,"Mechanical Engineering (4 Years, Bachelor of Technology)",1867,3012,6157,7295,1152,1551,2902,4187,774,1042,529,2092,438,533,814,849,28.3,82
109,"Economics (4 Years, Bachelor of Science)",2348,3851,6807,7339,1344,1769,4089,4390,1207,1549,3007,3386,310,1098,1118,1118,20.6,81
109,"Aerospace Engineering (4 Years, Bachelor of Technology)",2436,4117,6264,9029,1823,2248,4417,5201,866,1437,2145,2394,495,788,1392,1392,23.9,97
109,"Chemical Engineering (4 Years, Bachelor of Technology)",3018,4365,6286,8285,1900,2229,3108,4248,892,1160,1756,2166,533,727,1200,1263,27.3,83
109,"Civil Engineering (4 Years, Bachelor of Technology)",4971,6389,9696,13112,2435,3135,5015,5941,1190,1863,1947,2389,620,776,1332,1364,22.6,75
109,"Physics (4 Years, Bachelor of Science)",2817,6174,7463,14041,3251,3896,6361,7034,1911,2401,3291,3291,1358,1530,360,360,30.7,62
109,"Materials Science and Engineering (4 Years, Bachelor of Technology)",4867,7050,11087,11824,2705,3403,4757,5892,1470,2170,3278,3608,1080,1235,1487,1487,29.4,71
109,"Biological Sciences and Bioengineering (4 Years, Bachelor of Technology)",7229,8202,10988,12347,3512,3779,5847,6637,1762,2309,3613,3644,1251,1440,479,479,26.7,95
109,"Earth Sciences (4 Years, Bachelor of Science)",8223,11687,14520,19381,4230,5107,7779,7880,2974,3372,4470,4470,1683,1781,675,675,28.4,98
109,"Chemistry (4 Years, Bachelor of Science)",10184,11983,15240,18743,4231,5415,7809,8073,2684,3052,4082,4227,1653,1702,560,560,22.1,67
110,"Computer Science and Engineering (4 Years, Bachelor of Technology)",374,397,568,728,287,350,481,542,265,303,321,377,260,264,277,277,24.2,73
110,"Electrical Engineering (4 Years, Bachelor of Technology)",330,1099,966,2293,300,627,829,1182,155,451,502,855,198,281,357,437,22.1,66
110,"Engineering Physics (4 Years, Bachelor of Technology)",1044,1904,2831,4743,1147,1412,1456,2115,538,1202,1497,1497,706,874,1121,1121,23.9,81
110,"Mechanical Engineering (4 Years, Bachelor of Technology)",921,2599,2834,5766,471,1278,1222,2745,333,1003,786,1655,211,457,812,830,24.3,89
110,"Physics (5 Years, Bachelor of Science and Master of Science (Dual Degree))",1138,3345,9086,9086,2675,3010,7085,7085,2910,2910,4517,4517,1331,1331,978,996,21.3,88
110,"Aerospace Engineering (4 Years, Bachelor of Technology)",506,3300,4125,6053,1194,1678,3657,3758,884,1372,2252,2379,380,634,611,611,26.6,71
110,"Aerospace Engineering (5 Years, Bachelor and Master of Technology (Dual Degree))",3524,3557,6543,6543,1562,1949,3283,3283,471,471,2472,2599,967,967,831,831,25.9,94
110,"Engineering Design (5 Years, Bachelor and Master of Technology (Dual Degree))",2092,4502,5654,9593,1259,1949,3492,4570,1354,1912,1863,2606,698,1055,1205,1205,34.1,79
110,"Chemical Engineering (4 Years, Bachelor of Technology)",3264,4577,3440,6735,1484,2081,2880,3673,1135,1484,1278,1864,603,720,757,1057,26.5,97
110,"Civil Engineering (4 Years, Bachelor of Technology)",4171,6150,7764,9679,1504,2605,3333,4565,350,1509,1589,1994,99,506,639,818,29.5,86
110,"Metallurgical and Materials Engineering (4 Years, Bachelor of Technology)",4768,6259,8786,10187,2084,2742,4241,5184,1142,1818,2212,2944,684,902,850,850,24.5,67
110,"Biological Engineering (4 Years, Bachelor of Technology)",1330,8006,4172,8627,2351,3525,5421,5725,2128,2366,2894,2894,912,1117,1226,1226,31.9,77
110,"Naval Architecture and Ocean Engineering (4 Years, Bachelor of Technology)",5447,8200,11108,14102,1981,3444,5247,6049,1815,2574,2497,3224,1023,1196,1172,1172,35,75
110,"Biological Science (4 Years, Bachelor of Science)",7075,11185,12769,15528,3662,5074,6952,7441,2455,3127,3014,3014,1214,1335,1282,1282,21.3,68
111,"Computer Science and Engineering (4 Years, Bachelor of Technology)",1487,1828,2288,2738,718,844,1596,1730,548,685,1063,1063,430,492,621,621,27.2,78
111,"Computer Science and Engineering (5 Years, Bachelor and Master of Technology (Dual Degree))",1868,2296,3383,3383,873,965,2460,2460,638,698,995,995,438,438,1189,1189,31.7,80
111,"Artificial Intelligence (4 Years, Bachelor of Technology)",1833,2538,2953,3144,750,1272,2106,2158,630,922,1169,1169,473,475,1187,1187,31,79
111,"Electrical Engineering (4 Years, Bachelor of Technology)",2584,3992,5686,6806,1661,2173,3964,4259,969,1491,2316,2316,587,614,1177,1177,33.5,75
111,"Electrical Engineering (5 Years, Bachelor and Master of Technology (Dual Degree))",4247,4980,8981,8981,2410,2448,4872,4872,1607,1880,2482,2482,858,858,1700,1700,23.2,84
111,"Mechanical Engineering (4 Years, Bachelor of Technology)",4956,7350,9931,14182,2629,3491,6141,6616,1786,2141,2741,2741,843,920,1463,1463,20.1,86
111,"Mechanical Engineering (5 Years, Bachelor and Master of Technology (Dual Degree))",7431,8452,15588,16307,3538,3990,7635,7635,2368,2418,3184,3184,1181,1181,1521,1521,31.1,73
111,"Chemical Engineering (4 Years, Bachelor of Technology)",7978,9795,1924,14302,3568,4414,6520,7164,2328,2399,3416,3416,1161,1300,1712,1712,31.9,68
111,"Civil Engineering (4 Years, Bachelor of Technology)",8131,11671,17709,17990,3622,4537,6746,6831,2270,2681,3695,3695,910,943,1209,1209,25.6,74
111,"Materials Engineering (4 Years, Bachelor of Technology)",10389,12584,15425,17953,3653,5259,7989,7989,2886,3297,3736,3736,1547,1639,655,655,21.7,92
112,"Computer Science and Engineering (4 Years, Bachelor of Technology)",1791,2934,3456,6000,3618,1295,1490,2514,393,761,1330,1519,294,460,777,777,23.5,78
112,"Artificial Intelligence and Data Science (4 Years, Bachelor of Technology)",1425,3583,8032,8251,3598,1632,2105,3159,804,1080,1526,1526,498,560,1045,1045,23.7,98
112,"B. Tech. (CSE) and M.Tech in CSE (5 Years, B.Tech. + M.Tech./MS (Dual Degree))",3090,3793,7699,7699,3665,1491,2268,3322,839,839,1779,1779,557,557,1208,1208,27.6,92
112,"Mathematics and Computing (4 Years, Bachelor of Technology)",4288,5022,6926,9358,3725,2436,3654,4350,1261,1622,2205,2205,749,904,1620,1620,33.2,86
112,"B. Tech. (Mathematics & Computing) M. Tech. in (Mathematics & Computing) (5 Years, B.Tech. + M.Tech./MS (Dual Degree))",5239,5398,10211,10211,3689,2528,5517,5517,1540,1540,2059,2059,778,778,1474,1474,26.2,70
112,"Electronics and Communication Engineering (4 Years, Bachelor of Technology)",4472,5923,11079,11875,3746,2499,4341,4873,1236,1622,2424,2424,682,753,1144,1144,34.4,65
112,"B. Tech. (ECE) -M. Tech. in VLSI (5 Years, B.Tech. + M.Tech./MS (Dual Degree))",5909,6661,14188,14188,3711,2633,6164,6164,1970,1970,2281,2281,734,734,1001,1001,28.7,73
112,"B.Tech. in Electronics and Communication Engineering and M.Tech. in Communication Systems (5 Years, Bachelor and Master of Technology (Dual Degree))",6523,6983,12027,12027,3806,2815,6411,6411,2188,2188,2751,2751,965,965,1248,1248,29.9,64
112,"Electrical and Electronics Engineering (4 Years, Bachelor of Technology)",4312,7422,12713,14331,3750,2671,4986,5201,1473,1739,2148,2148,743,854,1434,1434,29.4,76
112,"B. Tech. (EEE)-M. Tech. in (Power &. Control) (5 Years, B.Tech. + M.Tech./MS (Dual Degree))",7180,8434,14467,14467,3796,3369,6428,6428,2082,2124,2248,2248,843,954,1534,1534,32.7,63
112,"B. Tech. (ME) - M. Tech. in Mechatronics (5 Years, B.Tech. + M.Tech./MS (Dual Degree))",8869,11211,18370,18370,3866,4551,9306,9306,2767,2767,2420,2420,1585,1585,1706,1706,25.4,95
112,"B. Tech. (ME) - MBA (NITIE) (5 Years, Bachelor of Technology and MBA (Dual Degree))",9570,11539,16905,17570,3854,4637,9085,9085,2423,2871,2346,2346,1729,1729,1632,1632,20.7,90
112,"Mechanical Engineering (4 Years, Bachelor of Technology)",8970,11705,18112,19445,3889,4521,7459,8576,2411,2744,2818,4165,1215,1313,534,534,33.8,60
112,"Engineering Physics (4 Years, Bachelor of Technology)",10300,13220,18983,20012,3905,5777,8535,8535,2811,3490,4527,4527,1185,1496,715,715,20.6,97
112,"Chemical Engineering (4 Years, Bachelor of Technology)",11756,14035,17581,20312,3877,5373,7681,8825,2598,2835,3434,3871,1252,1327,1656,1656,21.7,75
112,"Chemical Science and Technology (4 Years, Bachelor of Technology)",13497,15191,19030,23314,3915,5727,8716,9197,2904,3229,4053,4053,1149,1495,510,510,33.3,65
112,"B. Tech in CE. - M. Tech. in Structural Engineering (5 Years, B.Tech. + M.Tech./MS (Dual Degree))",12933,15417,22091,22091,3980,6250,8873,9354,3175,3257,4210,4210,1306,1652,667,667,27.6,61
112,"Civil Engineering (4 Years, Bachelor of Technology)",12220,15349,19628,22938,3918,5580,8017,8861,2305,2889,3943,4284,876,1160,1586,1586,29.7,73
112,"B. Tech in CE. - M. Tech. in Geotechnical Engineering (5 Years, B.Tech. + M.Tech./MS (Dual Degree))",13953,15635,24125,24125,3957,5477,8096,8940,3082,3082,4022,4363,1357,1357,1665,1665,29.2,92
112,"Metallurgical and Materials Engineering (4 Years, Bachelor of Technology)",14292,16253,22786,23287,3938,6079,8001,8845,3082,3320,4531,4531,1345,1357,543,543,22.3,68
113,"Computer Science and Engineering (4 Years, Bachelor of Technology)",636,676,1038,1429,4045,460,824,930,316,373,501,621,306,325,438,468,29.6,63
113,"Data Science and Artificial Intelligence (4 Years, Bachelor of Technology)",650,796,1405,1947,4003,453,1077,1098,259,321,479,479,178,178,335,335,21.6,95
113,"Electronics and Communication Engineering (4 Years, Bachelor of Technology)",1065,1630,2669,3205,4062,857,1416,1657,419,649,763,941,346,364,584,622,20.2,97
113,"Mathematics & Computing (5 Years, Bachelor of Science and Master of Science (Dual Degree))",1221,1607,3248,4424,4042,1003,2187,2274,622,828,1390,1390,242,400,975,975,31.5,83
113,"Electrical Engineering (4 Years, Bachelor of Technology)",1419,2316,4207,5319,4126,1328,2071,2370,746,947,1328,1949,465,568,912,942,31.2,78
113,"Mechanical Engineering (4 Years, Bachelor of Technology)",2398,3998,7297,9246,4100,2086,4108,4752,829,1176,1996,2504,525,687,1039,1094,22,70
113,"Engineering Physics (4 Years, Bachelor of Technology)",3361,4784,7305,11569,4154,2608,5563,6244,1574,1989,2686,3568,1269,1312,1163,1218,24.5,87
113,"Chemical Engineering (4 Years, Bachelor of Technology)",4104,5036,6887,9935,4097,2486,3750,4987,1175,1445,2077,2429,617,779,970,1361,31,63
113,"Economics (5 Years, Bachelor of Science and Master of Science (Dual Degree))",4359,5715,8181,12895,4130,3389,6315,6796,1696,2139,3819,3819,976,1017,1031,1422,20.7,71
113,"Production and Industrial Engineering (4 Years, Bachelor of Technology)",4657,5919,9672,12266,4138,3127,6063,6397,1660,1959,3400,3448,1010,1115,1497,1497,29,73
113,"Civil Engineering (4 Years, Bachelor of Technology)",4658,7151,10005,12955,4164,3077,4936,5844,905,1677,1963,2970,288,473,1094,1187,31.9,79
113,"Metallurgical and Materials Engineering (4 Years, Bachelor of Technology)",7095,7984,12989,14871,4179,3547,5958,6720,1704,2114,3394,3880,986,1142,1439,1439,27.5,94
113,"Biosciences and Bioengineering (4 Years, Bachelor of Technology)",7478,8731,13011,14714,4199,3941,6823,7072,2145,2269,3809,3809,1172,1307,92,92,34,98
113,"Physics (5 Years, Bachelor of Science and Master of Science (Dual Degree))",5516,9601,17131,17741,4213,5334,7926,7933,2136,2897,2605,2605,1247,1247,96,96,33.8,93
113,"Geophysical Technology (5 Years, Integrated Master of Technology)",7705,9872,15180,17648,4239,4285,7379,7404,2178,2621,3156,3156,1224,1496,222,222,21.9,72
113,"Geological Technology (5 Years, Integrated Master of Technology)",7675,10668,15220,16539,4277,4967,7954,8274,2308,2726,4046,4046,1500,1542,350,350,31.6,94
113,"Chemical Sciences (5 Years, Bachelor of Science and Master of Science (Dual Degree))",10353,13081,17005,19173,4312,5484,8451,8451,2583,3041,4592,4592,996,1263,417,417,33.5,89
113,"Architecture (5 Years, Bachelor of Architecture)",14575,20728,19846,21477,4280,7288,7302,7302,2110,3182,3126,3126,1182,156,283,283,30.7,88
114,"Computer Science and Engineering (4 Years, Bachelor of Technology)",2049,3405,3576,6601,4348,1337,1834,2520,492,859,680,1082,269,390,593,672,25.9,97
114,"Mathematics and Computing (5 Years, Integrated Master of Technology)",3477,4767,9501,10207,4337,2255,3420,3739,964,1242,2430,2430,538,589,1005,1005,26.7,76
114,"Electronics and Communication Engineering (4 Years, Bachelor of Technology)",3377,5989,8612,10578,4393,2383,2850,3729,1074,1490,1969,2394,522,601,988,1053,29.7,64
114,"Electrical Engineering (4 Years, Bachelor of Technology)",5651,8078,11420,12908,4454,3232,4008,5286,1544,1883,2687,2849,855,932,1484,1543,24.5,98
114,"Mechanical Engineering (4 Years, Bachelor of Technology)",7803,10271,15659,17769,4378,4045,6593,7286,1654,2188,3087,3652,845,924,1537,1562,34.9,65
114,"Engineering Physics (4 Years, Bachelor of Technology)",8763,11869,18192,19160,4418,5192,8371,9113,2443,2602,4082,4082,1361,1446,1619,1644,29,77
114,"Chemical Engineering (4 Years, Bachelor of Technology)",9843,12497,14731,15466,4421,4742,6724,7655,2262,2484,2642,2642,826,1143,1543,1543,31.1,70
114,"Petroleum Engineering (4 Years, Bachelor of Technology)",8654,13233,17106,20624,4476,4662,7335,7715,2195,2760,3512,4833,1028,1138,529,529,31.3,67
114,"Civil Engineering (4 Years, Bachelor of Technology)",10610,14085,17210,19651,4460,4847,7366,7673,1696,2380,3202,3876,692,842,1444,1444,28.5,91
114,"Mineral and Metallurgical Engineering (4 Years, Bachelor of Technology)",14053,15640,19885,21235,4559,6221,8334,8660,2935,3351,4282,4282,1627,1647,502,502,30.5,60
114,"Mining Engineering (4 Years, Bachelor of Technology)",8556,15695,21181,23736,4491,5803,7933,9035,2348,3078,4107,4676,765,1237,343,487,26.7,99
114,"Environmental Engineering (4 Years, Bachelor of Technology)",13229,16188,18644,22288,4603,6401,9171,9330,3413,3607,3753,3753,1514,1786,604,604,32.2,77
114,"Mining Machinery Engineering (4 Years, Bachelor of Technology)",13908,16406,24137,24421,4612,6363,8950,8950,3388,3515,4926,4972,1430,1606,864,864,20.6,68
114,"Applied Geophysics (5 Years, Integrated Master of Technology)",15534,17033,22373,22373,4639,6684,8993,8993,3616,3653,4868,4868,1871,1871,907,907,22.4,69
114,"Applied Geology (5 Years, Integrated Master of Technology)",16280,17310,22867,22867,4608,6524,8862,8862,3544,3553,4870,4870,1578,1578,776,776,21.1,74
115,"Computer Science and Engineering (4 Years, Bachelor of Technology)",1442,1928,2485,4281,4607,970,1158,2251,374,659,981,1153,293,397,926,926,33.2,84
115,"Artificial Intelligence and Data Engineering (4 Years, Bachelor of Technology)",2489,2757,4884,6292,4690,1761,3415,3415,852,1026,2011,2011,797,853,1137,1137,23.2,71
115,"Mathematics and Computing (4 Years, Bachelor of Technology)",1941,3124,6160,7331,4636,1782,3174,3174,756,1029,1809,1809,616,640,1111,1111,32.9,91
115,"Electrical Engineering (4 Years, Bachelor of Technology)",3360,5841,7309,9997,4644,2486,4712,5150,1234,1754,1934,2358,602,725,1146,1146,29.6,73
115,"Mechanical Engineering (4 Years, Bachelor of Technology)",7436,9070,13834,16777,4708,4128,7235,7550,1885,2222,3652,3895,925,1088,1624,1624,32.5,67
115,"Engineering Physics (4 Years, Bachelor of Technology)",6677,9822,15050,16223,4679,4920,8786,8786,2633,2976,4466,4466,1319,1429,1499,1499,23.3,99
115,"Chemical Engineering (4 Years, Bachelor of Technology)",9787,11215,14870,16551,4756,4467,7559,8373,2402,2676,3932,3932,1301,1303,1677,1677,33.9,85
115,"Civil Engineering (4 Years, Bachelor of Technology)",10111,13132,19333,20895,4735,4801,7851,7934,1996,2422,3608,3608,834,889,1613,1613,23.4,70
115,"Metallurgical and Materials Engineering (4 Years, Bachelor of Technology)",12047,14764,19533,19965,4816,5705,9186,9186,3058,3304,4896,4896,1552,1552,673,673,23.1,97
116,"Computer Science and Engineering (4 Years, Bachelor of Technology)",1040,1367,2036,2563,4851,647,1182,1319,447,572,690,801,355,395,563,563,31.1,83
116,"Computer Science and Engineering (5 Years, Bachelor and Master of Technology (Dual Degree))",1518,1660,2593,3206,4872,891,1577,1718,478,635,957,957,549,573,838,838,33.5,61
116,"Mathematics and Computing (5 Years, Bachelor and Master of Technology (Dual Degree))",1834,2277,4893,5800,4874,1421,2641,2972,738,1005,1173,1173,563,655,953,953,21.7,68
116,"Electronics Engineering (4 Years, Bachelor of Technology)",2285,3143,5161,6221,4901,1641,2404,3211,676,1193,1750,2001,526,710,1113,1222,24.9,68
116,"Electrical Engineering (4 Years, Bachelor of Technology)",3288,3828,6380,7477,4929,1921,2835,3615,1060,1418,2207,2511,633,794,1033,1264,24.7,62
116,"Electrical Engineering with M.Tech. in Power Electronics (5 Years, Bachelor and Master of Technology (Dual Degree))",3993,4689,8389,10150,4859,2205,3609,4392,1207,1347,2308,2308,553,553,1114,1114,21.6,68
116,"Mechanical Engineering (4 Years, Bachelor of Technology)",5020,6865,10077,14035,4926,3170,5498,6349,1236,1734,2548,3499,757,935,1386,1489,27.1,79
116,"Mechanical Engineering (5 Years, Bachelor and Master of Technology (Dual Degree))",7134,8460,14593,15637,4960,3609,6575,6739,1766,2223,2612,3563,1003,1054,1718,1718,34.7,84
116,"Chemical Engineering (4 Years, Bachelor of Technology)",6313,9065,10360,13976,4929,3920,5388,6400,1585,2219,2505,3204,867,1064,1529,1547,27.3,64
116,"Engineering Physics (5 Years, Bachelor and Master of Technology (Dual Degree))",6938,9726,12047,12327,4964,4751,8217,8217,2779,3006,4009,4009,1499,1564,1596,1614,20.7,88
116,"Civil Engineering (4 Years, Bachelor of Technology)",7988,10508,14566,16826,5037,4235,6219,7266,1869,2409,1681,3505,848,990,1420,1520,34.9,77
116,"Civil Engineering (5 Years, Bachelor and Master of Technology (Dual Degree))",9493,11446,16959,18962,5002,4473,7292,7999,2031,2712,3603,3603,956,973,1277,1377,24.2,60
116,"Metallurgical Engineering (4 Years, Bachelor of Technology)",8972,11625,16352,17780,5062,4710,7045,7691,2460,2933,3570,4436,1357,1510,297,419,28.1,73
116,"Metallurgical Engineering (5 Years, Bachelor and Master of Technology (Dual Degree))",11787,13342,19316,19431,5092,5489,8953,8953,3167,3259,4915,4915,1557,1649,349,471,25.1,88
116,"Ceramic Engineering (4 Years, Bachelor of Technology)",9844,13425,18044,19300,5078,5737,7627,9178,2459,3459,4627,4801,1554,1572,347,347,20.2,77
116,"Mining Engineering (4 Years, Bachelor of Technology)",11592,13730,17868,22731,5098,5600,7772,9065,2872,3455,4558,4809,1425,1518,431,736,33,76
116,"Materials Science and Technology (5 Years, Bachelor and Master of Technology (Dual Degree))",11795,13838,17875,19519,5150,6026,8004,8004,2840,3443,4452,4740,1544,1544,549,854,33.1,77
116,"Pharmaceutical Engineering & Technology (4 Years, Bachelor of Technology)",12469,14424,20089,21443,5093,6096,8037,8804,2862,3448,4500,4545,1372,1549,665,665,22.2,66
116,"Industrial Chemistry (5 Years, Bachelor and Master of Technology (Dual Degree))",10909,14707,21589,22847,5185,6329,8275,9042,3436,3469,4804,4804,1779,1804,903,903,30,84
116,"Ceramic Engineering (5 Years, Bachelor and Master of Technology (Dual Degree))",13385,14647,22022,23107,5172,6442,8198,8965,3044,3503,4902,4902,1604,1604,826,826,27.4,74
116,"Biochemical Engineering with M.Tech. in Biochemical Engineering and Biotechnology (5 Years, Bachelor and Master of Technology (Dual Degree))",10583,14863,18559,18703,5146,6304,8815,8815,3025,3306,3602,3602,1429,1461,710,710,25.4,67
116,"Bioengineering with M.Tech in Biomedical Technology (5 Years, Bachelor and Master of Technology (Dual Degree))",11807,14858,17524,18010,5156,5962,8517,8517,2667,3392,3967,3967,1476,1476,702,702,35,90
116,"Mining Engineering (5 Years, Bachelor and Master of Technology (Dual Degree))",13744,15674,22836,23377,5207,6169,8632,8632,3302,3479,4840,4840,1387,1387,560,560,26.3,77
116,"Pharmaceutical Engineering & Technology (5 Years, Bachelor and Master of Technology (Dual Degree))",15187,15801,22055,22662,5264,6358,8765,8765,3352,3453,4915,4915,1613,1709,693,693,24.3,74
116,"Architecture (5 Years, Bachelor of Architecture)",24097,24806,25221,25855,5266,8920,8733,8733,3950,4415,4785,4785,811,1248,661,661,26.1,90
117,"Computer Science and Engineering (4 Years, Bachelor of Technology)",510,738,1506,1802,5258,351,788,941,205,257,437,467,142,167,322,380,33.4,94
117,"Data Science and Artificial Intelligence (4 Years, Bachelor of Technology)",1030,1165,1635,2083,5295,532,1381,1452,321,400,940,940,236,238,395,453,24.3,88
117,"Mathematics and Computing (4 Years, Bachelor of Technology)",996,1310,2309,2558,5330,718,1339,1552,363,567,1068,1250,309,353,574,574,25.2,91
117,"Electronics and Communication Engineering (4 Years, Bachelor of Technology)",1652,1956,3864,4457,5373,1090,1836,1965,450,885,1003,1250,405,459,713,713,28.2,89
117,"Electronics and Electrical Engineering (4 Years, Bachelor of Technology)",2041,2342,4603,5416,5381,1297,2224,2447,730,917,1337,1661,531,563,855,855,23.6,63
117,"Mechanical Engineering (4 Years, Bachelor of Technology)",2762,4853,8332,10600,5358,2290,4664,5277,994,1344,2463,2555,557,723,1164,1268,20.2,95
117,"Chemical Engineering (4 Years, Bachelor of Technology)",5071,6166,9986,11509,5413,3019,5194,5833,1252,1789,2679,2929,940,981,869,1198,29.2,76
117,"Engineering Physics (4 Years, Bachelor of Technology)",4755,6549,11055,13389,5405,3633,6365,6849,1870,2263,3663,3901,1050,1181,1755,1755,25.7,85
117,"Energy Engineering (4 Years, Bachelor of Technology)",5998,6769,13118,13404,5426,3100,6947,6947,1816,1932,3585,3585,962,962,1780,1780,31.9,75
117,"Chemical Science and Technology (4 Years, Bachelor of Technology)",6491,8461,12179,14725,5417,3706,6617,7014,1725,2121,2886,3053,827,940,1537,1537,29.6,77
117,"Civil Engineering (4 Years, Bachelor of Technology)",4710,8696,14067,15773,5501,3619,6146,6736,1880,2085,2413,3339,771,828,1136,1426,34.2,80
117,"Biosciences and Bioengineering (4 Years, Bachelor of Technology)",9153,10749,16371,17949,5537,4534,8045,8168,2608,2853,4071,4445,967,1526,1876,1876,22.7,96
118,"Computer Science and Engineering (4 Years, Bachelor of Technology)",3535,5857,9335,11266,5480,2534,3347,4291,1112,1349,1652,2032,520,575,960,960,33.1,97
118,"Data Science and Artificial Intelligence (4 Years, Bachelor of Technology)",5889,7162,11033,12089,5528,2977,4387,4519,1102,1542,2511,2557,848,896,1066,1066,21.1,72
118,"Electrical Engineering (4 Years, Bachelor of Technology)",8554,10808,14598,15935,5517,4157,5953,6479,2026,2272,2714,2714,1056,1087,1619,1619,30.2,86
118,"Mechatronics Engineering (4 Years, Bachelor of Technology)",10698,12191,17623,19618,5614,5028,8317,8317,2653,2944,4766,4766,1347,1347,1872,1872,31.4,72
118,"Mechanical Engineering (4 Years, Bachelor of Technology)",12422,14575,19584,22449,5591,5076,8435,9167,2810,2965,4430,4430,1205,1338,253,253,27.1,68
118,"Materials Science and Metallurgical Engineering (4 Years, Bachelor of Technology)",16288,16902,22613,23545,5629,6452,8511,9243,3344,3493,4506,4506,1637,1637,329,329,21.2,81
119,"Computer Science and Engineering (4 Years, Bachelor of Technology)",3778,4508,7259,7922,5664,2029,3301,3954,987,1167,2179,2179,581,645,1359,1359,21,99
119,"Mathematics and Computing (4 Years, Bachelor of Technology)",4746,6835,9989,10878,5680,2846,4784,4837,1364,1850,2189,2189,935,966,1369,1369,25,94
119,"Electrical Engineering (4 Years, Bachelor of Technology)",6955,9134,12043,15244,5685,3910,6008,6547,1892,2327,2725,2725,732,1178,1633,1633,25.7,68
119,"Mechanical Engineering (4 Years, Bachelor of Technology)",10417,13519,19692,21096,5641,4846,7383,7873,2386,2651,4035,4275,867,1013,172,172,34.1,90
120,"Computer Science and Engineering (4 Years, Bachelor of Technology)",3705,5162,8281,9104,5648,1735,2889,3104,337,735,1595,1595,379,400,932,932,32,60
120,"Data Science and Engineering (4 Years, Bachelor of Technology)",5649,7138,9290,11666,5677,2655,3674,3732,1180,1563,2432,2432,637,678,1026,1026,21.6,72
120,"Electrical Engineering (4 Years, Bachelor of Technology)",8001,9775,12756,14472,5689,3673,5245,5641,1826,2007,2578,2578,765,787,1527,1527,21.6,97
120,"Mechanical Engineering (4 Years, Bachelor of Technology)",10340,13293,18956,21211,5774,5019,7844,8208,2503,2790,3795,3795,1236,1355,293,293,23.4,63
120,"Civil Engineering (4 Years, Bachelor of Technology)",14410,16670,22276,23693,5785,5913,8411,8412,3047,3117,3959,3959,1027,1389,1783,1783,28.5,63
121,"Computer Science and Engineering (4 Years, Bachelor of Technology)",2441,3965,5327,6822,5831,1692,2384,2656,714,1139,1803,1803,428,571,1146,1146,23.7,82
121,"Electrical Engineering (4 Years, Bachelor of Technology)",6148,8829,8483,12906,5763,3246,4903,5447,1121,2038,2117,2117,628,739,1294,1294,32,89
121,"Mechanical Engineering (4 Years, Bachelor of Technology)",10096,12417,16133,18614,5870,4810,6910,7037,2721,2879,2689,2689,1360,1392,1686,1686,28.7,63
121,"Chemical Engineering (4 Years, Bachelor of Technology)",12923,14758,13250,21417,5855,5653,7873,7978,2908,2939,3345,3478,1490,1524,1603,1603,24,65
121,"Civil Engineering (4 Years, Bachelor of Technology)",13422,16727,19993,23301,5842,5704,7520,8084,2469,2944,2527,2750,1187,1268,1526,1526,24.9,72
122,"Computer Science and Engineering (4 Years, Bachelor of Technology)",3927,4862,8527,9846,5840,2498,4487,5069,949,1001,1992,1992,581,702,1482,1482,21.1,68
122,"Mathematics and Computing (4 Years, Bachelor of Technology)",6448,8110,10537,14819,5942,3383,5714,7032,1934,2157,3262,3303,1064,1092,1750,1750,22.8,61
122,"Electrical Engineering (4 Years, Bachelor of Technology)",9023,10067,14102,16223,5958,3857,6849,7504,2181,2451,3572,3572,1122,1321,1760,1760,32.2,93
122,"Mechanical Engineering (4 Years, Bachelor of Technology)",11169,14844,19052,20929,5980,5161,9051,9299,2417,2915,4656,4656,1449,1467,571,571,25.3,87
122,"Chemical Engineering (4 Years, Bachelor of Technology)",13234,16697,21817,24330,6002,5860,9249,9249,2715,3273,4288,4288,1452,1543,735,735,33.6,86
122,"Civil Engineering (4 Years, Bachelor of Technology)",13001,16864,23792,24481,5959,5987,9082,9082,1652,3069,4582,4582,1178,1233,1650,1650,31.7,82
122,"Materials Engineering (4 Years, Bachelor of Technology)",16668,17347,23350,24757,5969,6352,9074,9074,3013,3376,4611,4611,1600,1608,713,713,29.1,75
123,"Computer Science and Engineering (4 Years, Bachelor of Technology)",4117,6149,8080,10996,6028,2557,3408,3751,680,1343,1861,2203,521,615,784,784,20.4,61
123,"Mathematics and Computing (4 Years, Bachelor of Technology)",6232,7508,11214,11370,6022,3186,5222,5273,1593,1917,2710,2710,698,924,728,728,34.4,94
123,"Electrical Engineering (4 Years, Bachelor of Technology)",7676,10363,13531,15293,6041,4062,6018,6511,1463,2378,2857,3023,950,967,1417,1417,21,69
123,"Engineering Physics (4 Years, Bachelor of Technology)",11688,13594,19872,19872,6097,5945,6148,6641,2743,3070,4515,4515,1553,1553,1547,1547,34.8,64
123,"Mechanical Engineering (4 Years, Bachelor of Technology)",10408,14172,21672,22881,6101,5320,7421,8502,2748,2935,3220,3220,1270,1275,1627,1627,28.2,61
123,"Chemical and Biochemical Engineering (4 Years, Bachelor of Technology)",13261,16169,19150,19150,6087,5618,7341,8422,3187,3218,4040,4040,1406,1406,1547,1547,23.7,84
123,"Civil and Infrastructure Engineering (4 Years, Bachelor of Technology)",16782,17006,22284,22284,6174,5815,8993,8993,3139,3146,4404,4404,1467,1467,1770,1770,30.6,78
123,"Interdisciplinary Sciences (5 Years, Bachelor of Science and Master of Science (Dual Degree))",16272,18255,19913,25539,6180,6766,8973,8973,3090,3682,4932,5056,1762,1802,866,866,34.6,93